Dex_Number,Name,Form,Types,Species,Height_ft,Weight_kg,Total,HP,Attack,Defense,Sp_Atk,Sp_Def,Speed
1,Bulbasaur,,"Grass, Poison",Seed Pokemon,2.04,6.9 ,318,45,49,49,65,65,45
2,Ivysaur,,"Grass, Poison",Seed Pokemon,3.03,13.0 ,405,60,62,63,80,80,60
3,Venusaur,,"Grass, Poison",Seed Pokemon,6.07,100.0 ,525,80,82,83,100,100,80
3,Venusaur,Mega Venusaur,"Grass, Poison",Seed Pokemon,6.07,100.0 ,625,80,100,123,122,120,80
4,Charmander,,Fire,Lizard Pokemon,2.00,8.5 ,309,39,52,43,60,50,65
5,Charmeleon,,Fire,Flame Pokemon,3.07,19.0 ,405,58,64,58,80,65,80
6,Charizard,,"Fire, Flying",Flame Pokemon,5.07,90.5 ,534,78,84,78,109,85,100
6,Charizard,Mega Charizard X,"Fire, Dragon",Flame Pokemon,5.07,90.5 ,634,78,130,111,130,85,100
6,Charizard,Mega Charizard Y,"Fire, Flying",Flame Pokemon,5.07,90.5 ,634,78,104,78,159,115,100
7,Squirtle,,Water,Tiny Turtle Pokemon,1.08,9.0 ,314,44,48,65,50,64,43
8,Wartortle,,Water,Turtle Pokemon,3.03,22.5 ,405,59,63,80,65,80,58
9,Blastoise,,Water,Shellfish Pokemon,5.03,85.5 ,530,79,83,100,85,105,78
9,Blastoise,Mega Blastoise,Water,Shellfish Pokemon,5.03,85.5 ,630,79,103,120,135,115,78
10,Caterpie,,Bug,Worm Pokemon,1.00,2.9 ,195,45,30,35,20,20,45
11,Metapod,,Bug,Cocoon Pokemon,2.04,9.9 ,205,50,20,55,25,25,30
12,Butterfree,,"Bug, Flying",Butterfly Pokemon,3.07,32.0 ,395,60,45,50,90,80,70
13,Weedle,,"Bug, Poison",Hairy Bug Pokemon,1.00,3.2 ,195,40,35,30,20,20,50
14,Kakuna,,"Bug, Poison",Cocoon Pokemon,2.00,10.0 ,205,45,25,50,25,25,35
15,Beedrill,,"Bug, Poison",Poison Bee Pokemon,3.03,29.5 ,395,65,90,40,45,80,75
15,Beedrill,Mega Beedrill,"Bug, Poison",Poison Bee Pokemon,3.03,29.5 ,495,65,150,40,15,80,145
16,Pidgey,,"Normal, Flying",Tiny Bird Pokemon,1.00,1.8 ,251,40,45,40,35,35,56
17,Pidgeotto,,"Normal, Flying",Bird Pokemon,3.07,30.0 ,349,63,60,55,50,50,71
18,Pidgeot,,"Normal, Flying",Bird Pokemon,4.11,39.5 ,479,83,80,75,70,70,101
18,Pidgeot,Mega Pidgeot,"Normal, Flying",Bird Pokemon,4.11,39.5 ,579,83,80,80,135,80,121
19,Rattata,,Normal,Mouse Pokemon,1.00,3.5 ,253,30,56,35,25,35,72
19,Rattata,Alolan Rattata,"Dark, Normal",Mouse Pokemon,1.00,3.5 ,253,30,56,35,25,35,72
20,Raticate,,Normal,Mouse Pokemon,2.04,18.5 ,413,55,81,60,50,70,97
20,Raticate,Alolan Raticate,"Dark, Normal",Mouse Pokemon,2.04,18.5 ,413,75,71,70,40,80,77
21,Spearow,,"Normal, Flying",Tiny Bird Pokemon,1.00,2.0 ,262,40,60,30,31,31,70
22,Fearow,,"Normal, Flying",Beak Pokemon,3.11,38.0 ,442,65,90,65,61,61,100
23,Ekans,,Poison,Snake Pokemon,6.07,6.9 ,288,35,60,44,40,54,55
24,Arbok,,Poison,Cobra Pokemon,11.06,65.0 ,448,60,95,69,65,79,80
25,Pikachu,,Electric,Mouse Pokemon,1.04,6.0 ,320,35,55,40,50,50,90
25,Pikachu,Partner Pikachu,Electric,Mouse Pokemon,1.04,6.0 ,430,45,80,50,75,60,120
26,Raichu,,Electric,Mouse Pokemon,2.07,30.0 ,485,60,90,55,90,80,110
26,Raichu,Alolan Raichu,"Electric, Psychic",Mouse Pokemon,2.07,30.0 ,485,60,85,50,95,85,110
27,Sandshrew,,Ground,Mouse Pokemon,2.00,12.0 ,300,50,75,85,20,30,40
27,Sandshrew,Alolan Sandshrew,"Ice, Steel",Mouse Pokemon,2.00,12.0 ,300,50,75,90,10,35,40
28,Sandslash,,Ground,Mouse Pokemon,3.03,29.5 ,450,75,100,110,45,55,65
28,Sandslash,Alolan Sandslash,"Ice, Steel",Mouse Pokemon,3.03,29.5 ,450,75,100,120,25,65,65
29,Nidoran♀,,Poison,Poison Pin Pokemon,1.04,7.0 ,275,55,47,52,40,40,41
30,Nidorina,,Poison,Poison Pin Pokemon,2.07,20.0 ,365,70,62,67,55,55,56
31,Nidoqueen,,"Poison, Ground",Drill Pokemon,4.03,60.0 ,505,90,92,87,75,85,76
32,Nidoran♂,,Poison,Poison Pin Pokemon,1.08,9.0 ,273,46,57,40,40,40,50
33,Nidorino,,Poison,Poison Pin Pokemon,2.11,19.5 ,365,61,72,57,55,55,65
34,Nidoking,,"Poison, Ground",Drill Pokemon,4.07,62.0 ,505,81,102,77,85,75,85
35,Clefairy,,Fairy,Fairy Pokemon,2.00,7.5 ,323,70,45,48,60,65,35
36,Clefable,,Fairy,Fairy Pokemon,4.03,40.0 ,483,95,70,73,95,90,60
37,Vulpix,,Fire,Fox Pokemon,2.00,9.9 ,299,38,41,40,50,65,65
37,Vulpix,Alolan Vulpix,Ice,Fox Pokemon,2.00,9.9 ,299,38,41,40,50,65,65
38,Ninetales,,Fire,Fox Pokemon,3.07,19.9 ,505,73,76,75,81,100,100
38,Ninetales,Alolan Ninetales,"Ice, Fairy",Fox Pokemon,3.07,19.9 ,505,73,67,75,81,100,109
39,Jigglypuff,,"Normal, Fairy",Balloon Pokemon,1.08,5.5 ,270,115,45,20,45,25,20
40,Wigglytuff,,"Normal, Fairy",Balloon Pokemon,3.03,12.0 ,435,140,70,45,85,50,45
41,Zubat,,"Poison, Flying",Bat Pokemon,2.07,7.5 ,245,40,45,35,30,40,55
42,Golbat,,"Poison, Flying",Bat Pokemon,5.03,55.0 ,455,75,80,70,65,75,90
43,Oddish,,"Grass, Poison",Weed Pokemon,1.08,5.4 ,320,45,50,55,75,65,30
44,Gloom,,"Grass, Poison",Weed Pokemon,2.07,8.6 ,395,60,65,70,85,75,40
45,Vileplume,,"Grass, Poison",Flower Pokemon,3.11,18.6 ,490,75,80,85,110,90,50
46,Paras,,"Bug, Grass",Mushroom Pokemon,1.00,5.4 ,285,35,70,55,45,55,25
47,Parasect,,"Bug, Grass",Mushroom Pokemon,3.03,29.5 ,405,60,95,80,60,80,30
48,Venonat,,"Bug, Poison",Insect Pokemon,3.03,30.0 ,305,60,55,50,40,55,45
49,Venomoth,,"Bug, Poison",Poison Moth Pokemon,4.11,12.5 ,450,70,65,60,90,75,90
50,Diglett,,Ground,Mole Pokemon,0.08,0.8 ,265,10,55,25,35,45,95
50,Diglett,Alolan Diglett,"Ground, Steel",Mole Pokemon,0.08,0.8 ,265,10,55,30,35,45,90
51,Dugtrio,,Ground,Mole Pokemon,2.04,33.3 ,425,35,100,50,50,70,120
51,Dugtrio,Alolan Dugtrio,"Ground, Steel",Mole Pokemon,2.04,33.3 ,425,35,100,60,50,70,110
52,Meowth,,Normal,Scratch Cat Pokemon,1.04,4.2 ,290,40,45,35,40,40,90
52,Meowth,Alolan Meowth,Dark,Scratch Cat Pokemon,1.04,4.2 ,290,40,35,35,50,40,90
52,Meowth,Galarian Meowth,Steel,Scratch Cat Pokemon,1.04,4.2 ,290,50,65,55,40,40,40
53,Persian,,Normal,Classy Cat Pokemon,3.03,32.0 ,440,65,70,60,65,65,115
53,Persian,Alolan Persian,Dark,Classy Cat Pokemon,3.03,32.0 ,440,65,60,60,75,65,115
54,Psyduck,,Water,Duck Pokemon,2.07,19.6 ,320,50,52,48,65,50,55
55,Golduck,,Water,Duck Pokemon,5.07,76.6 ,500,80,82,78,95,80,85
56,Mankey,,Fighting,Pig Monkey Pokemon,1.08,28.0 ,305,40,80,35,35,45,70
57,Primeape,,Fighting,Pig Monkey Pokemon,3.03,32.0 ,455,65,105,60,60,70,95
58,Growlithe,,Fire,Puppy Pokemon,2.04,19.0 ,350,55,70,45,70,50,60
58,Growlithe,Hisuian Growlithe,"Fire, Rock",Puppy Pokemon,2.04,19.0 ,350,60,75,45,65,50,55
59,Arcanine,,Fire,Legendary Pokemon,6.03,155.0 ,555,90,110,80,100,80,95
59,Arcanine,Hisuian Arcanine,"Fire, Rock",Legendary Pokemon,6.03,155.0 ,555,95,115,80,95,80,90
60,Poliwag,,Water,Tadpole Pokemon,2.00,12.4 ,300,40,50,40,40,40,90
61,Poliwhirl,,Water,Tadpole Pokemon,3.03,20.0 ,385,65,65,65,50,50,90
62,Poliwrath,,"Water, Fighting",Tadpole Pokemon,4.03,54.0 ,510,90,95,95,70,90,70
63,Abra,,Psychic,Psi Pokemon,2.11,19.5 ,310,25,20,15,105,55,90
64,Kadabra,,Psychic,Psi Pokemon,4.03,56.5 ,400,40,35,30,120,70,105
65,Alakazam,,Psychic,Psi Pokemon,4.11,48.0 ,500,55,50,45,135,95,120
65,Alakazam,Mega Alakazam,Psychic,Psi Pokemon,4.11,48.0 ,600,55,50,65,175,105,150
66,Machop,,Fighting,Superpower Pokemon,2.07,19.5 ,305,70,80,50,35,35,35
67,Machoke,,Fighting,Superpower Pokemon,4.11,70.5 ,405,80,100,70,50,60,45
68,Machamp,,Fighting,Superpower Pokemon,5.03,130.0 ,505,90,130,80,65,85,55
69,Bellsprout,,"Grass, Poison",Flower Pokemon,2.04,4.0 ,300,50,75,35,70,30,40
70,Weepinbell,,"Grass, Poison",Flycatcher Pokemon,3.03,6.4 ,390,65,90,50,85,45,55
71,Victreebel,,"Grass, Poison",Flycatcher Pokemon,5.07,15.5 ,490,80,105,65,100,70,70
72,Tentacool,,"Water, Poison",Jellyfish Pokemon,2.11,45.5 ,335,40,40,35,50,100,70
73,Tentacruel,,"Water, Poison",Jellyfish Pokemon,5.03,55.0 ,515,80,70,65,80,120,100
74,Geodude,,"Rock, Ground",Rock Pokemon,1.04,20.0 ,300,40,80,100,30,30,20
74,Geodude,Alolan Geodude,"Rock, Electric",Rock Pokemon,1.04,20.0 ,300,40,80,100,30,30,20
75,Graveler,,"Rock, Ground",Rock Pokemon,3.03,105.0 ,390,55,95,115,45,45,35
75,Graveler,Alolan Graveler,"Rock, Electric",Rock Pokemon,3.03,105.0 ,390,55,95,115,45,45,35
76,Golem,,"Rock, Ground",Megaton Pokemon,4.07,300.0 ,495,80,120,130,55,65,45
76,Golem,Alolan Golem,"Rock, Electric",Megaton Pokemon,4.07,300.0 ,495,80,120,130,55,65,45
77,Ponyta,,Fire,Fire Horse Pokemon,3.03,30.0 ,410,50,85,55,65,65,90
77,Ponyta,Galarian Ponyta,Psychic,Fire Horse Pokemon,3.03,30.0 ,410,50,85,55,65,65,90
78,Rapidash,,Fire,Fire Horse Pokemon,5.07,95.0 ,500,65,100,70,80,80,105
78,Rapidash,Galarian Rapidash,"Psychic, Fairy",Fire Horse Pokemon,5.07,95.0 ,500,65,100,70,80,80,105
79,Slowpoke,,"Water, Psychic",Dopey Pokemon,3.11,36.0 ,315,90,65,65,40,40,15
79,Slowpoke,Galarian Slowpoke,Psychic,Dopey Pokemon,3.11,36.0 ,315,90,65,65,40,40,15
80,Slowbro,,"Water, Psychic",Hermit Crab Pokemon,5.03,78.5 ,490,95,75,110,100,80,30
80,Slowbro,Mega Slowbro,"Water, Psychic",Hermit Crab Pokemon,5.03,78.5 ,590,95,75,180,130,80,30
80,Slowbro,Galarian Slowbro,"Poison, Psychic",Hermit Crab Pokemon,5.03,78.5 ,490,95,100,95,100,70,30
81,Magnemite,,"Electric, Steel",Magnet Pokemon,1.00,6.0 ,325,25,35,70,95,55,45
82,Magneton,,"Electric, Steel",Magnet Pokemon,3.03,60.0 ,465,50,60,95,120,70,70
83,Farfetch'd,,"Normal, Flying",Wild Duck Pokemon,2.07,15.0 ,377,52,90,55,58,62,60
83,Farfetch'd,Galarian Farfetch'd,Fighting,Wild Duck Pokemon,2.07,15.0 ,377,52,95,55,58,62,55
84,Doduo,,"Normal, Flying",Twin Bird Pokemon,4.07,39.2 ,310,35,85,45,35,35,75
85,Dodrio,,"Normal, Flying",Triple Bird Pokemon,5.11,85.2 ,470,60,110,70,60,60,110
86,Seel,,Water,Sea Lion Pokemon,3.07,90.0 ,325,65,45,55,45,70,45
87,Dewgong,,"Water, Ice",Sea Lion Pokemon,5.07,120.0 ,475,90,70,80,70,95,70
88,Grimer,,Poison,Sludge Pokemon,2.11,30.0 ,325,80,80,50,40,50,25
88,Grimer,Alolan Grimer,"Poison, Dark",Sludge Pokemon,2.11,30.0 ,325,80,80,50,40,50,25
89,Muk,,Poison,Sludge Pokemon,3.11,30.0 ,500,105,105,75,65,100,50
89,Muk,Alolan Muk,"Poison, Dark",Sludge Pokemon,3.11,30.0 ,500,105,105,75,65,100,50
90,Shellder,,Water,Bivalve Pokemon,1.00,4.0 ,305,30,65,100,45,25,40
91,Cloyster,,"Water, Ice",Bivalve Pokemon,4.11,132.5 ,525,50,95,180,85,45,70
92,Gastly,,"Ghost, Poison",Gas Pokemon,4.03,0.1 ,310,30,35,30,100,35,80
93,Haunter,,"Ghost, Poison",Gas Pokemon,5.03,0.1 ,405,45,50,45,115,55,95
94,Gengar,,"Ghost, Poison",Shadow Pokemon,4.11,40.5 ,500,60,65,60,130,75,110
94,Gengar,Mega Gengar,"Ghost, Poison",Shadow Pokemon,4.11,40.5 ,600,60,65,80,170,95,130
95,Onix,,"Rock, Ground",Rock Snake Pokemon,28.10,210.0 ,385,35,45,160,30,45,70
96,Drowzee,,Psychic,Hypnosis Pokemon,3.03,32.4 ,328,60,48,45,43,90,42
97,Hypno,,Psychic,Hypnosis Pokemon,5.03,75.6 ,483,85,73,70,73,115,67
98,Krabby,,Water,River Crab Pokemon,1.04,6.5 ,325,30,105,90,25,25,50
99,Kingler,,Water,Pincer Pokemon,4.03,60.0 ,475,55,130,115,50,50,75
100,Voltorb,,Electric,Ball Pokemon,1.08,10.4 ,330,40,30,50,55,55,100
100,Voltorb,Hisuian Voltorb,"Electric, Grass",Ball Pokemon,1.08,10.4 ,330,40,30,50,55,55,100
101,Electrode,,Electric,Ball Pokemon,3.11,66.6 ,490,60,50,70,80,80,150
101,Electrode,Hisuian Electrode,"Electric, Grass",Ball Pokemon,3.11,66.6 ,490,60,50,70,80,80,150
102,Exeggcute,,"Grass, Psychic",Egg Pokemon,1.04,2.5 ,325,60,40,80,60,45,40
103,Exeggutor,,"Grass, Psychic",Coconut Pokemon,6.07,120.0 ,530,95,95,85,125,75,55
103,Exeggutor,Alolan Exeggutor,"Grass, Dragon",Coconut Pokemon,6.07,120.0 ,530,95,105,85,125,75,45
104,Cubone,,Ground,Lonely Pokemon,1.04,6.5 ,320,50,50,95,40,50,35
105,Marowak,,Ground,Bone Keeper Pokemon,3.03,45.0 ,425,60,80,110,50,80,45
105,Marowak,Alolan Marowak,"Fire, Ghost",Bone Keeper Pokemon,3.03,45.0 ,425,60,80,110,50,80,45
106,Hitmonlee,,Fighting,Kicking Pokemon,4.11,49.8 ,455,50,120,53,35,110,87
107,Hitmonchan,,Fighting,Punching Pokemon,4.07,50.2 ,455,50,105,79,35,110,76
108,Lickitung,,Normal,Licking Pokemon,3.11,65.5 ,385,90,55,75,60,75,30
109,Koffing,,Poison,Poison Gas Pokemon,2.00,1.0 ,340,40,65,95,60,45,35
110,Weezing,,Poison,Poison Gas Pokemon,3.11,9.5 ,490,65,90,120,85,70,60
110,Weezing,Galarian Weezing,"Poison, Fairy",Poison Gas Pokemon,3.11,9.5 ,490,65,90,120,85,70,60
111,Rhyhorn,,"Ground, Rock",Spikes Pokemon,3.03,115.0 ,345,80,85,95,30,30,25
112,Rhydon,,"Ground, Rock",Drill Pokemon,6.03,120.0 ,485,105,130,120,45,45,40
113,Chansey,,Normal,Egg Pokemon,3.07,34.6 ,450,250,5,5,35,105,50
114,Tangela,,Grass,Vine Pokemon,3.03,35.0 ,435,65,55,115,100,40,60
115,Kangaskhan,,Normal,Parent Pokemon,7.03,80.0 ,490,105,95,80,40,80,90
115,Kangaskhan,Mega Kangaskhan,Normal,Parent Pokemon,7.03,80.0 ,590,105,125,100,60,100,100
116,Horsea,,Water,Dragon Pokemon,1.04,8.0 ,295,30,40,70,70,25,60
117,Seadra,,Water,Dragon Pokemon,3.11,25.0 ,440,55,65,95,95,45,85
118,Goldeen,,Water,Goldfish Pokemon,2.00,15.0 ,320,45,67,60,35,50,63
119,Seaking,,Water,Goldfish Pokemon,4.03,39.0 ,450,80,92,65,65,80,68
120,Staryu,,Water,Star Shape Pokemon,2.07,34.5 ,340,30,45,55,70,55,85
121,Starmie,,"Water, Psychic",Mysterious Pokemon,3.07,80.0 ,520,60,75,85,100,85,115
122,Mr. Mime,,"Psychic, Fairy",Barrier Pokemon,4.03,54.5 ,460,40,45,65,100,120,90
122,Mr. Mime,Galarian Mr. Mime,"Ice, Psychic",Barrier Pokemon,4.03,54.5 ,460,50,65,65,90,90,100
123,Scyther,,"Bug, Flying",Mantis Pokemon,4.11,56.0 ,500,70,110,80,55,80,105
124,Jynx,,"Ice, Psychic",Human Shape Pokemon,4.07,40.6 ,455,65,50,35,115,95,95
125,Electabuzz,,Electric,Electric Pokemon,3.07,30.0 ,490,65,83,57,95,85,105
126,Magmar,,Fire,Spitfire Pokemon,4.03,44.5 ,495,65,95,57,100,85,93
127,Pinsir,,Bug,Stag Beetle Pokemon,4.11,55.0 ,500,65,125,100,55,70,85
127,Pinsir,Mega Pinsir,"Bug, Flying",Stag Beetle Pokemon,4.11,55.0 ,600,65,155,120,65,90,105
128,Tauros,,Normal,Wild Bull Pokemon,4.07,88.4 ,490,75,100,95,40,70,110
128,Tauros,Combat Breed,Fighting,Wild Bull Pokemon,4.07,88.4 ,490,75,110,105,30,70,100
128,Tauros,Blaze Breed,"Fighting, Fire",Wild Bull Pokemon,4.07,88.4 ,490,75,110,105,30,70,100
128,Tauros,Aqua Breed,"Fighting, Water",Wild Bull Pokemon,4.07,88.4 ,490,75,110,105,30,70,100
129,Magikarp,,Water,Fish Pokemon,2.11,10.0 ,200,20,10,55,15,20,80
130,Gyarados,,"Water, Flying",Atrocious Pokemon,21.04,235.0 ,540,95,125,79,60,100,81
130,Gyarados,Mega Gyarados,"Water, Dark",Atrocious Pokemon,21.04,235.0 ,640,95,155,109,70,130,81
131,Lapras,,"Water, Ice",Transport Pokemon,8.02,220.0 ,535,130,85,80,85,95,60
132,Ditto,,Normal,Transform Pokemon,1.00,4.0 ,288,48,48,48,48,48,48
133,Eevee,,Normal,Evolution Pokemon,1.00,6.5 ,325,55,55,50,45,65,55
133,Eevee,Partner Eevee,Normal,Evolution Pokemon,1.00,6.5 ,435,65,75,70,65,85,75
134,Vaporeon,,Water,Bubble Jet Pokemon,3.03,29.0 ,525,130,65,60,110,95,65
135,Jolteon,,Electric,Lightning Pokemon,2.07,24.5 ,525,65,65,60,110,95,130
136,Flareon,,Fire,Flame Pokemon,2.11,25.0 ,525,65,130,60,95,110,65
137,Porygon,,Normal,Virtual Pokemon,2.07,36.5 ,395,65,60,70,85,75,40
138,Omanyte,,"Rock, Water",Spiral Pokemon,1.04,7.5 ,355,35,40,100,90,55,35
139,Omastar,,"Rock, Water",Spiral Pokemon,3.03,35.0 ,495,70,60,125,115,70,55
140,Kabuto,,"Rock, Water",Shellfish Pokemon,1.08,11.5 ,355,30,80,90,55,45,55
141,Kabutops,,"Rock, Water",Shellfish Pokemon,4.03,40.5 ,495,60,115,105,65,70,80
142,Aerodactyl,,"Rock, Flying",Fossil Pokemon,5.11,59.0 ,515,80,105,65,60,75,130
142,Aerodactyl,Mega Aerodactyl,"Rock, Flying",Fossil Pokemon,5.11,59.0 ,615,80,135,85,70,95,150
143,Snorlax,,Normal,Sleeping Pokemon,6.11,460.0 ,540,160,110,65,65,110,30
144,Articuno,,"Ice, Flying",Freeze Pokemon,5.07,55.4 ,580,90,85,100,95,125,85
144,Articuno,Galarian Articuno,"Psychic, Flying",Freeze Pokemon,5.07,55.4 ,580,90,85,85,125,100,95
145,Zapdos,,"Electric, Flying",Electric Pokemon,5.03,52.6 ,580,90,90,85,125,90,100
145,Zapdos,Galarian Zapdos,"Fighting, Flying",Electric Pokemon,5.03,52.6 ,580,90,125,90,85,90,100
146,Moltres,,"Fire, Flying",Flame Pokemon,6.07,60.0 ,580,90,100,90,125,85,90
146,Moltres,Galarian Moltres,"Dark, Flying",Flame Pokemon,6.07,60.0 ,580,90,85,90,100,125,90
147,Dratini,,Dragon,Dragon Pokemon,5.11,3.3 ,300,41,64,45,50,50,50
148,Dragonair,,Dragon,Dragon Pokemon,13.01,16.5 ,420,61,84,65,70,70,70
149,Dragonite,,"Dragon, Flying",Dragon Pokemon,7.03,210.0 ,600,91,134,95,100,100,80
150,Mewtwo,,Psychic,Genetic Pokemon,6.07,122.0 ,680,106,110,90,154,90,130
150,Mewtwo,Mega Mewtwo X,"Psychic, Fighting",Genetic Pokemon,6.07,122.0 ,780,106,190,100,154,100,130
150,Mewtwo,Mega Mewtwo Y,Psychic,Genetic Pokemon,6.07,122.0 ,780,106,150,70,194,120,140
151,Mew,,Psychic,New Species Pokemon,1.04,4.0 ,600,100,100,100,100,100,100
152,Chikorita,,Grass,Leaf Pokemon,2.11,6.4 ,318,45,49,65,49,65,45
153,Bayleef,,Grass,Leaf Pokemon,3.11,15.8 ,405,60,62,80,63,80,60
154,Meganium,,Grass,Herb Pokemon,5.11,100.5 ,525,80,82,100,83,100,80
155,Cyndaquil,,Fire,Fire Mouse Pokemon,1.08,7.9 ,309,39,52,43,60,50,65
156,Quilava,,Fire,Volcano Pokemon,2.11,19.0 ,405,58,64,58,80,65,80
157,Typhlosion,,Fire,Volcano Pokemon,5.07,79.5 ,534,78,84,78,109,85,100
157,Typhlosion,Hisuian Typhlosion,"Fire, Ghost",Volcano Pokemon,5.07,79.5 ,534,73,84,78,119,85,95
158,Totodile,,Water,Big Jaw Pokemon,2.00,9.5 ,314,50,65,64,44,48,43
159,Croconaw,,Water,Big Jaw Pokemon,3.07,25.0 ,405,65,80,80,59,63,58
160,Feraligatr,,Water,Big Jaw Pokemon,7.07,88.8 ,530,85,105,100,79,83,78
161,Sentret,,Normal,Scout Pokemon,2.07,6.0 ,215,35,46,34,35,45,20
162,Furret,,Normal,Long Body Pokemon,5.11,32.5 ,415,85,76,64,45,55,90
163,Hoothoot,,"Normal, Flying",Owl Pokemon,2.04,21.2 ,262,60,30,30,36,56,50
164,Noctowl,,"Normal, Flying",Owl Pokemon,5.03,40.8 ,452,100,50,50,86,96,70
165,Ledyba,,"Bug, Flying",Five Star Pokemon,3.03,10.8 ,265,40,20,30,40,80,55
166,Ledian,,"Bug, Flying",Five Star Pokemon,4.07,35.6 ,390,55,35,50,55,110,85
167,Spinarak,,"Bug, Poison",String Spit Pokemon,1.08,8.5 ,250,40,60,40,40,40,30
168,Ariados,,"Bug, Poison",Long Leg Pokemon,3.07,33.5 ,400,70,90,70,60,70,40
169,Crobat,,"Poison, Flying",Bat Pokemon,5.11,75.0 ,535,85,90,80,70,80,130
170,Chinchou,,"Water, Electric",Angler Pokemon,1.08,12.0 ,330,75,38,38,56,56,67
171,Lanturn,,"Water, Electric",Light Pokemon,3.11,22.5 ,460,125,58,58,76,76,67
172,Pichu,,Electric,Tiny Mouse Pokemon,1.00,2.0 ,205,20,40,15,35,35,60
173,Cleffa,,Fairy,Star Shape Pokemon,1.00,3.0 ,218,50,25,28,45,55,15
174,Igglybuff,,"Normal, Fairy",Balloon Pokemon,1.00,1.0 ,210,90,30,15,40,20,15
175,Togepi,,Fairy,Spike Ball Pokemon,1.00,1.5 ,245,35,20,65,40,65,20
176,Togetic,,"Fairy, Flying",Happiness Pokemon,2.00,3.2 ,405,55,40,85,80,105,40
177,Natu,,"Psychic, Flying",Tiny Bird Pokemon,0.08,2.0 ,320,40,50,45,70,45,70
178,Xatu,,"Psychic, Flying",Mystic Pokemon,4.11,15.0 ,470,65,75,70,95,70,95
179,Mareep,,Electric,Wool Pokemon,2.00,7.8 ,280,55,40,40,65,45,35
180,Flaaffy,,Electric,Wool Pokemon,2.07,13.3 ,365,70,55,55,80,60,45
181,Ampharos,,Electric,Light Pokemon,4.07,61.5 ,510,90,75,85,115,90,55
181,Ampharos,Mega Ampharos,"Electric, Dragon",Light Pokemon,4.07,61.5 ,610,90,95,105,165,110,45
182,Bellossom,,Grass,Flower Pokemon,1.04,5.8 ,490,75,80,95,90,100,50
183,Marill,,"Water, Fairy",Aqua Mouse Pokemon,1.04,8.5 ,250,70,20,50,20,50,40
184,Azumarill,,"Water, Fairy",Aqua Rabbit Pokemon,2.07,28.5 ,420,100,50,80,60,80,50
185,Sudowoodo,,Rock,Imitation Pokemon,3.11,38.0 ,410,70,100,115,30,65,30
186,Politoed,,Water,Frog Pokemon,3.07,33.9 ,500,90,75,75,90,100,70
187,Hoppip,,"Grass, Flying",Cottonweed Pokemon,1.04,0.5 ,250,35,35,40,35,55,50
188,Skiploom,,"Grass, Flying",Cottonweed Pokemon,2.00,1.0 ,340,55,45,50,45,65,80
189,Jumpluff,,"Grass, Flying",Cottonweed Pokemon,2.07,3.0 ,460,75,55,70,55,95,110
190,Aipom,,Normal,Long Tail Pokemon,2.07,11.5 ,360,55,70,55,40,55,85
191,Sunkern,,Grass,Seed Pokemon,1.00,1.8 ,180,30,30,30,30,30,30
192,Sunflora,,Grass,Sun Pokemon,2.07,8.5 ,425,75,75,55,105,85,30
193,Yanma,,"Bug, Flying",Clear Wing Pokemon,3.11,38.0 ,390,65,65,45,75,45,95
194,Wooper,,"Water, Ground",Water Fish Pokemon,1.04,8.5 ,210,55,45,45,25,25,15
194,Wooper,Paldean Wooper,"Poison, Ground",Water Fish Pokemon,1.04,8.5 ,210,55,45,45,25,25,15
195,Quagsire,,"Water, Ground",Water Fish Pokemon,4.07,75.0 ,430,95,85,85,65,65,35
196,Espeon,,Psychic,Sun Pokemon,2.11,26.5 ,525,65,65,60,130,95,110
197,Umbreon,,Dark,Moonlight Pokemon,3.03,27.0 ,525,95,65,110,60,130,65
198,Murkrow,,"Dark, Flying",Darkness Pokemon,1.08,2.1 ,405,60,85,42,85,42,91
199,Slowking,,"Water, Psychic",Royal Pokemon,6.07,79.5 ,490,95,75,80,100,110,30
199,Slowking,Galarian Slowking,"Poison, Psychic",Royal Pokemon,6.07,79.5 ,490,95,65,80,110,110,30
200,Misdreavus,,Ghost,Screech Pokemon,2.04,1.0 ,435,60,60,60,85,85,85
201,Unown,,Psychic,Symbol Pokemon,1.08,5.0 ,336,48,72,48,72,48,48
202,Wobbuffet,,Psychic,Patient Pokemon,4.03,28.5 ,405,190,33,58,33,58,33
203,Girafarig,,"Normal, Psychic",Long Neck Pokemon,4.11,41.5 ,455,70,80,65,90,65,85
204,Pineco,,Bug,Bagworm Pokemon,2.00,7.2 ,290,50,65,90,35,35,15
205,Forretress,,"Bug, Steel",Bagworm Pokemon,3.11,125.8 ,465,75,90,140,60,60,40
206,Dunsparce,,Normal,Land Snake Pokemon,4.11,14.0 ,415,100,70,70,65,65,45
207,Gligar,,"Ground, Flying",FlyScorpion Pokemon,3.07,64.8 ,430,65,75,105,35,65,85
208,Steelix,,"Steel, Ground",Iron Snake Pokemon,30.02,400.0 ,510,75,85,200,55,65,30
208,Steelix,Mega Steelix,"Steel, Ground",Iron Snake Pokemon,30.02,400.0 ,610,75,125,230,55,95,30
209,Snubbull,,Fairy,Fairy Pokemon,2.00,7.8 ,300,60,80,50,40,40,30
210,Granbull,,Fairy,Fairy Pokemon,4.07,48.7 ,450,90,120,75,60,60,45
211,Qwilfish,,"Water, Poison",Balloon Pokemon,1.08,3.9 ,440,65,95,85,55,55,85
211,Qwilfish,Hisuian Qwilfish,"Dark, Poison",Balloon Pokemon,1.08,3.9 ,440,65,95,85,55,55,85
212,Scizor,,"Bug, Steel",Pincer Pokemon,5.11,118.0 ,500,70,130,100,55,80,65
212,Scizor,Mega Scizor,"Bug, Steel",Pincer Pokemon,5.11,118.0 ,600,70,150,140,65,100,75
213,Shuckle,,"Bug, Rock",Mold Pokemon,2.00,20.5 ,505,20,10,230,10,230,5
214,Heracross,,"Bug, Fighting",Single Horn Pokemon,4.11,54.0 ,500,80,125,75,40,95,85
214,Heracross,Mega Heracross,"Bug, Fighting",Single Horn Pokemon,4.11,54.0 ,600,80,185,115,40,105,75
215,Sneasel,,"Dark, Ice",Sharp Claw Pokemon,2.11,28.0 ,430,55,95,55,35,75,115
215,Sneasel,Hisuian Sneasel,"Fighting, Poison",Sharp Claw Pokemon,2.11,28.0 ,430,55,95,55,35,75,115
216,Teddiursa,,Normal,Little Bear Pokemon,2.00,8.8 ,330,60,80,50,50,50,40
217,Ursaring,,Normal,Hibernator Pokemon,5.11,125.8 ,500,90,130,75,75,75,55
218,Slugma,,Fire,Lava Pokemon,2.04,35.0 ,250,40,40,40,70,40,20
219,Magcargo,,"Fire, Rock",Lava Pokemon,2.07,55.0 ,430,60,50,120,90,80,30
220,Swinub,,"Ice, Ground",Pig Pokemon,1.04,6.5 ,250,50,50,40,30,30,50
221,Piloswine,,"Ice, Ground",Swine Pokemon,3.07,55.8 ,450,100,100,80,60,60,50
222,Corsola,,"Water, Rock",Coral Pokemon,2.00,5.0 ,410,65,55,95,65,95,35
222,Corsola,Galarian Corsola,Ghost,Coral Pokemon,2.00,5.0 ,410,60,55,100,65,100,30
223,Remoraid,,Water,Jet Pokemon,2.00,12.0 ,300,35,65,35,65,35,65
224,Octillery,,Water,Jet Pokemon,2.11,28.5 ,480,75,105,75,105,75,45
225,Delibird,,"Ice, Flying",Delivery Pokemon,2.11,16.0 ,330,45,55,45,65,45,75
226,Mantine,,"Water, Flying",Kite Pokemon,6.11,220.0 ,485,85,40,70,80,140,70
227,Skarmory,,"Steel, Flying",Armor Bird Pokemon,5.07,50.5 ,465,65,80,140,40,70,70
228,Houndour,,"Dark, Fire",Dark Pokemon,2.00,10.8 ,330,45,60,30,80,50,65
229,Houndoom,,"Dark, Fire",Dark Pokemon,4.07,35.0 ,500,75,90,50,110,80,95
229,Houndoom,Mega Houndoom,"Dark, Fire",Dark Pokemon,4.07,35.0 ,600,75,90,90,140,90,115
230,Kingdra,,"Water, Dragon",Dragon Pokemon,5.11,152.0 ,540,75,95,95,95,95,85
231,Phanpy,,Ground,Long Nose Pokemon,1.08,33.5 ,330,90,60,60,40,40,40
232,Donphan,,Ground,Armor Pokemon,3.07,120.0 ,500,90,120,120,60,60,50
233,Porygon2,,Normal,Virtual Pokemon,2.00,32.5 ,515,85,80,90,105,95,60
234,Stantler,,Normal,Big Horn Pokemon,4.07,71.2 ,465,73,95,62,85,65,85
235,Smeargle,,Normal,Painter Pokemon,3.11,58.0 ,250,55,20,35,20,45,75
236,Tyrogue,,Fighting,Scuffle Pokemon,2.04,21.0 ,210,35,35,35,35,35,35
237,Hitmontop,,Fighting,Handstand Pokemon,4.07,48.0 ,455,50,95,95,35,110,70
238,Smoochum,,"Ice, Psychic",Kiss Pokemon,1.04,6.0 ,305,45,30,15,85,65,65
239,Elekid,,Electric,Electric Pokemon,2.00,23.5 ,360,45,63,37,65,55,95
240,Magby,,Fire,Live Coal Pokemon,2.04,21.4 ,365,45,75,37,70,55,83
241,Miltank,,Normal,Milk Cow Pokemon,3.11,75.5 ,490,95,80,105,40,70,100
242,Blissey,,Normal,Happiness Pokemon,4.11,46.8 ,540,255,10,10,75,135,55
243,Raikou,,Electric,Thunder Pokemon,6.03,178.0 ,580,90,85,75,115,100,115
244,Entei,,Fire,Volcano Pokemon,6.11,198.0 ,580,115,115,85,90,75,100
245,Suicune,,Water,Aurora Pokemon,6.07,187.0 ,580,100,75,115,90,115,85
246,Larvitar,,"Rock, Ground",Rock Skin Pokemon,2.00,72.0 ,300,50,64,50,45,50,41
247,Pupitar,,"Rock, Ground",Hard Shell Pokemon,3.11,152.0 ,410,70,84,70,65,70,51
248,Tyranitar,,"Rock, Dark",Armor Pokemon,6.07,202.0 ,600,100,134,110,95,100,61
248,Tyranitar,Mega Tyranitar,"Rock, Dark",Armor Pokemon,6.07,202.0 ,700,100,164,150,95,120,71
249,Lugia,,"Psychic, Flying",Diving Pokemon,17.01,216.0 ,680,106,90,130,90,154,110
250,Ho-oh,,"Fire, Flying",Rainbow Pokemon,12.06,199.0 ,680,106,130,90,110,154,90
251,Celebi,,"Psychic, Grass",Time Travel Pokemon,2.00,5.0 ,600,100,100,100,100,100,100
252,Treecko,,Grass,Wood Gecko Pokemon,1.08,5.0 ,310,40,45,35,65,55,70
253,Grovyle,,Grass,Wood Gecko Pokemon,2.11,21.6 ,405,50,65,45,85,65,95
254,Sceptile,,Grass,Forest Pokemon,5.07,52.2 ,530,70,85,65,105,85,120
254,Sceptile,Mega Sceptile,"Grass, Dragon",Forest Pokemon,5.07,52.2 ,630,70,110,75,145,85,145
255,Torchic,,Fire,Chick Pokemon,1.04,2.5 ,310,45,60,40,70,50,45
256,Combusken,,"Fire, Fighting",Young Fowl Pokemon,2.11,19.5 ,405,60,85,60,85,60,55
257,Blaziken,,"Fire, Fighting",Blaze Pokemon,6.03,52.0 ,530,80,120,70,110,70,80
257,Blaziken,Mega Blaziken,"Fire, Fighting",Blaze Pokemon,6.03,52.0 ,630,80,160,80,130,80,100
258,Mudkip,,Water,Mud Fish Pokemon,1.04,7.6 ,310,50,70,50,50,50,40
259,Marshtomp,,"Water, Ground",Mud Fish Pokemon,2.04,28.0 ,405,70,85,70,60,70,50
260,Swampert,,"Water, Ground",Mud Fish Pokemon,4.11,81.9 ,535,100,110,90,85,90,60
260,Swampert,Mega Swampert,"Water, Ground",Mud Fish Pokemon,4.11,81.9 ,635,100,150,110,95,110,70
261,Poochyena,,Dark,Bite Pokemon,1.08,13.6 ,220,35,55,35,30,30,35
262,Mightyena,,Dark,Bite Pokemon,3.03,37.0 ,420,70,90,70,60,60,70
263,Zigzagoon,,Normal,TinyRaccoon Pokemon,1.04,17.5 ,240,38,30,41,30,41,60
263,Zigzagoon,Galarian Zigzagoon,"Dark, Normal",TinyRaccoon Pokemon,1.04,17.5 ,240,38,30,41,30,41,60
264,Linoone,,Normal,Rushing Pokemon,1.08,32.5 ,420,78,70,61,50,61,100
264,Linoone,Galarian Linoone,"Dark, Normal",Rushing Pokemon,1.08,32.5 ,420,78,70,61,50,61,100
265,Wurmple,,Bug,Worm Pokemon,1.00,3.6 ,195,45,45,35,20,30,20
266,Silcoon,,Bug,Cocoon Pokemon,2.00,10.0 ,205,50,35,55,25,25,15
267,Beautifly,,"Bug, Flying",Butterfly Pokemon,3.03,28.4 ,395,60,70,50,100,50,65
268,Cascoon,,Bug,Cocoon Pokemon,2.04,11.5 ,205,50,35,55,25,25,15
269,Dustox,,"Bug, Poison",Poison Moth Pokemon,3.11,31.6 ,385,60,50,70,50,90,65
270,Lotad,,"Water, Grass",Water Weed Pokemon,1.08,2.6 ,220,40,30,30,40,50,30
271,Lombre,,"Water, Grass",Jolly Pokemon,3.11,32.5 ,340,60,50,50,60,70,50
272,Ludicolo,,"Water, Grass",Carefree Pokemon,4.11,55.0 ,480,80,70,70,90,100,70
273,Seedot,,Grass,Acorn Pokemon,1.08,4.0 ,220,40,40,50,30,30,30
274,Nuzleaf,,"Grass, Dark",Wily Pokemon,3.03,28.0 ,340,70,70,40,60,40,60
275,Shiftry,,"Grass, Dark",Wicked Pokemon,4.03,59.6 ,480,90,100,60,90,60,80
276,Taillow,,"Normal, Flying",TinySwallow Pokemon,1.00,2.3 ,270,40,55,30,30,30,85
277,Swellow,,"Normal, Flying",Swallow Pokemon,2.04,19.8 ,455,60,85,60,75,50,125
278,Wingull,,"Water, Flying",Seagull Pokemon,2.00,9.5 ,270,40,30,30,55,30,85
279,Pelipper,,"Water, Flying",Water Bird Pokemon,3.11,28.0 ,440,60,50,100,95,70,65
280,Ralts,,"Psychic, Fairy",Feeling Pokemon,1.04,6.6 ,198,28,25,25,45,35,40
281,Kirlia,,"Psychic, Fairy",Emotion Pokemon,2.07,20.2 ,278,38,35,35,65,55,50
282,Gardevoir,,"Psychic, Fairy",Embrace Pokemon,5.03,48.4 ,518,68,65,65,125,115,80
282,Gardevoir,Mega Gardevoir,"Psychic, Fairy",Embrace Pokemon,5.03,48.4 ,618,68,85,65,165,135,100
283,Surskit,,"Bug, Water",Pond Skater Pokemon,1.08,1.7 ,269,40,30,32,50,52,65
284,Masquerain,,"Bug, Flying",Eyeball Pokemon,2.07,3.6 ,454,70,60,62,100,82,80
285,Shroomish,,Grass,Mushroom Pokemon,1.04,4.5 ,295,60,40,60,40,60,35
286,Breloom,,"Grass, Fighting",Mushroom Pokemon,3.11,39.2 ,460,60,130,80,60,60,70
287,Slakoth,,Normal,Slacker Pokemon,2.07,24.0 ,280,60,60,60,35,35,30
288,Vigoroth,,Normal,Wild Monkey Pokemon,4.07,46.5 ,440,80,80,80,55,55,90
289,Slaking,,Normal,Lazy Pokemon,6.07,130.5 ,670,150,160,100,95,65,100
290,Nincada,,"Bug, Ground",Trainee Pokemon,1.08,5.5 ,266,31,45,90,30,30,40
291,Ninjask,,"Bug, Flying",Ninja Pokemon,2.07,12.0 ,456,61,90,45,50,50,160
292,Shedinja,,"Bug, Ghost",Shed Pokemon,2.07,1.2 ,236,1,90,45,30,30,40
293,Whismur,,Normal,Whisper Pokemon,2.00,16.3 ,240,64,51,23,51,23,28
294,Loudred,,Normal,Big Voice Pokemon,3.03,40.5 ,360,84,71,43,71,43,48
295,Exploud,,Normal,Loud Noise Pokemon,4.11,84.0 ,490,104,91,63,91,73,68
296,Makuhita,,Fighting,Guts Pokemon,3.03,86.4 ,237,72,60,30,20,30,25
297,Hariyama,,Fighting,Arm Thrust Pokemon,7.07,253.8 ,474,144,120,60,40,60,50
298,Azurill,,"Normal, Fairy",Polka Dot Pokemon,0.08,2.0 ,190,50,20,40,20,40,20
299,Nosepass,,Rock,Compass Pokemon,3.03,97.0 ,375,30,45,135,45,90,30
300,Skitty,,Normal,Kitten Pokemon,2.00,11.0 ,260,50,45,45,35,35,50
301,Delcatty,,Normal,Prim Pokemon,3.07,32.6 ,400,70,65,65,55,55,90
302,Sableye,,"Dark, Ghost",Darkness Pokemon,1.08,11.0 ,380,50,75,75,65,65,50
302,Sableye,Mega Sableye,"Dark, Ghost",Darkness Pokemon,1.08,11.0 ,480,50,85,125,85,115,20
303,Mawile,,"Steel, Fairy",Deceiver Pokemon,2.00,11.5 ,380,50,85,85,55,55,50
303,Mawile,Mega Mawile,"Steel, Fairy",Deceiver Pokemon,2.00,11.5 ,480,50,105,125,55,95,50
304,Aron,,"Steel, Rock",Iron Armor Pokemon,1.04,60.0 ,330,50,70,100,40,40,30
305,Lairon,,"Steel, Rock",Iron Armor Pokemon,2.11,120.0 ,430,60,90,140,50,50,40
306,Aggron,,"Steel, Rock",Iron Armor Pokemon,6.11,360.0 ,530,70,110,180,60,60,50
306,Aggron,Mega Aggron,Steel,Iron Armor Pokemon,6.11,360.0 ,630,70,140,230,60,80,50
307,Meditite,,"Fighting, Psychic",Meditate Pokemon,2.00,11.2 ,280,30,40,55,40,55,60
308,Medicham,,"Fighting, Psychic",Meditate Pokemon,4.03,31.5 ,410,60,60,75,60,75,80
308,Medicham,Mega Medicham,"Fighting, Psychic",Meditate Pokemon,4.03,31.5 ,510,60,100,85,80,85,100
309,Electrike,,Electric,Lightning Pokemon,2.00,15.2 ,295,40,45,40,65,40,65
310,Manectric,,Electric,Discharge Pokemon,4.11,40.2 ,475,70,75,60,105,60,105
310,Manectric,Mega Manectric,Electric,Discharge Pokemon,4.11,40.2 ,575,70,75,80,135,80,135
311,Plusle,,Electric,Cheering Pokemon,1.04,4.2 ,405,60,50,40,85,75,95
312,Minun,,Electric,Cheering Pokemon,1.04,4.2 ,405,60,40,50,75,85,95
313,Volbeat,,Bug,Firefly Pokemon,2.04,17.7 ,430,65,73,75,47,85,85
314,Illumise,,Bug,Firefly Pokemon,2.00,17.7 ,430,65,47,75,73,85,85
315,Roselia,,"Grass, Poison",Thorn Pokemon,1.00,2.0 ,400,50,60,45,100,80,65
316,Gulpin,,Poison,Stomach Pokemon,1.04,10.3 ,302,70,43,53,43,53,40
317,Swalot,,Poison,Poison Bag Pokemon,5.07,80.0 ,467,100,73,83,73,83,55
318,Carvanha,,"Water, Dark",Savage Pokemon,2.07,20.8 ,305,45,90,20,65,20,65
319,Sharpedo,,"Water, Dark",Brutal Pokemon,5.11,88.8 ,460,70,120,40,95,40,95
319,Sharpedo,Mega Sharpedo,"Water, Dark",Brutal Pokemon,5.11,88.8 ,560,70,140,70,110,65,105
320,Wailmer,,Water,Ball Whale Pokemon,6.07,130.0 ,400,130,70,35,70,35,60
321,Wailord,,Water,Float Whale Pokemon,47.07,398.0 ,500,170,90,45,90,45,60
322,Numel,,"Fire, Ground",Numb Pokemon,2.04,24.0 ,305,60,60,40,65,45,35
323,Camerupt,,"Fire, Ground",Eruption Pokemon,6.03,220.0 ,460,70,100,70,105,75,40
323,Camerupt,Mega Camerupt,"Fire, Ground",Eruption Pokemon,6.03,220.0 ,560,70,120,100,145,105,20
324,Torkoal,,Fire,Coal Pokemon,1.08,80.4 ,470,70,85,140,85,70,20
325,Spoink,,Psychic,Bounce Pokemon,2.04,30.6 ,330,60,25,35,70,80,60
326,Grumpig,,Psychic,Manipulate Pokemon,2.11,71.5 ,470,80,45,65,90,110,80
327,Spinda,,Normal,Spot Panda Pokemon,3.07,5.0 ,360,60,60,60,60,60,60
328,Trapinch,,Ground,Ant Pit Pokemon,2.04,15.0 ,290,45,100,45,45,45,10
329,Vibrava,,"Ground, Dragon",Vibration Pokemon,3.07,15.3 ,340,50,70,50,50,50,70
330,Flygon,,"Ground, Dragon",Mystic Pokemon,6.07,82.0 ,520,80,100,80,80,80,100
331,Cacnea,,Grass,Cactus Pokemon,1.04,51.3 ,335,50,85,40,85,40,35
332,Cacturne,,"Grass, Dark",Scarecrow Pokemon,4.03,77.4 ,475,70,115,60,115,60,55
333,Swablu,,"Normal, Flying",Cotton Bird Pokemon,1.04,1.2 ,310,45,40,60,40,75,50
334,Altaria,,"Dragon, Flying",Humming Pokemon,3.07,20.6 ,490,75,70,90,70,105,80
334,Altaria,Mega Altaria,"Dragon, Fairy",Humming Pokemon,3.07,20.6 ,590,75,110,110,110,105,80
335,Zangoose,,Normal,Cat Ferret Pokemon,4.03,40.3 ,458,73,115,60,60,60,90
336,Seviper,,Poison,Fang Snake Pokemon,8.10,52.5 ,458,73,100,60,100,60,65
337,Lunatone,,"Rock, Psychic",Meteorite Pokemon,3.03,168.0 ,460,90,55,65,95,85,70
338,Solrock,,"Rock, Psychic",Meteorite Pokemon,3.11,154.0 ,460,90,95,85,55,65,70
339,Barboach,,"Water, Ground",Whiskers Pokemon,1.04,1.9 ,288,50,48,43,46,41,60
340,Whiscash,,"Water, Ground",Whiskers Pokemon,2.11,23.6 ,468,110,78,73,76,71,60
341,Corphish,,Water,Ruffian Pokemon,2.00,11.5 ,308,43,80,65,50,35,35
342,Crawdaunt,,"Water, Dark",Rogue Pokemon,3.07,32.8 ,468,63,120,85,90,55,55
343,Baltoy,,"Ground, Psychic",Clay Doll Pokemon,1.08,21.5 ,300,40,40,55,40,70,55
344,Claydol,,"Ground, Psychic",Clay Doll Pokemon,4.11,108.0 ,500,60,70,105,70,120,75
345,Lileep,,"Rock, Grass",Sea Lily Pokemon,3.03,23.8 ,355,66,41,77,61,87,23
346,Cradily,,"Rock, Grass",Barnacle Pokemon,4.11,60.4 ,495,86,81,97,81,107,43
347,Anorith,,"Rock, Bug",Old Shrimp Pokemon,2.04,12.5 ,355,45,95,50,40,50,75
348,Armaldo,,"Rock, Bug",Plate Pokemon,4.11,68.2 ,495,75,125,100,70,80,45
349,Feebas,,Water,Fish Pokemon,2.00,7.4 ,200,20,15,20,10,55,80
350,Milotic,,Water,Tender Pokemon,20.04,162.0 ,540,95,60,79,100,125,81
351,Castform,,Normal,Weather Pokemon,1.00,0.8 ,420,70,70,70,70,70,70
351,Castform,Sunny Form,Fire,Weather Pokemon,1.00,0.8 ,420,70,70,70,70,70,70
351,Castform,Rainy Form,Water,Weather Pokemon,1.00,0.8 ,420,70,70,70,70,70,70
351,Castform,Snowy Form,Ice,Weather Pokemon,1.00,0.8 ,420,70,70,70,70,70,70
352,Kecleon,,Normal,Color Swap Pokemon,3.03,22.0 ,440,60,90,70,60,120,40
353,Shuppet,,Ghost,Puppet Pokemon,2.00,2.3 ,295,44,75,35,63,33,45
354,Banette,,Ghost,Marionette Pokemon,3.07,12.5 ,455,64,115,65,83,63,65
354,Banette,Mega Banette,Ghost,Marionette Pokemon,3.07,12.5 ,555,64,165,75,93,83,75
355,Duskull,,Ghost,Requiem Pokemon,2.07,15.0 ,295,20,40,90,30,90,25
356,Dusclops,,Ghost,Beckon Pokemon,5.03,30.6 ,455,40,70,130,60,130,25
357,Tropius,,"Grass, Flying",Fruit Pokemon,6.07,100.0 ,460,99,68,83,72,87,51
358,Chimecho,,Psychic,Wind Chime Pokemon,2.00,1.0 ,455,75,50,80,95,90,65
359,Absol,,Dark,Disaster Pokemon,3.11,47.0 ,465,65,130,60,75,60,75
359,Absol,Mega Absol,Dark,Disaster Pokemon,3.11,47.0 ,565,65,150,60,115,60,115
360,Wynaut,,Psychic,Bright Pokemon,2.00,14.0 ,260,95,23,48,23,48,23
361,Snorunt,,Ice,Snow Hat Pokemon,2.04,16.8 ,300,50,50,50,50,50,50
362,Glalie,,Ice,Face Pokemon,4.11,256.5 ,480,80,80,80,80,80,80
362,Glalie,Mega Glalie,Ice,Face Pokemon,4.11,256.5 ,580,80,120,80,120,80,100
363,Spheal,,"Ice, Water",Clap Pokemon,2.07,39.5 ,290,70,40,50,55,50,25
364,Sealeo,,"Ice, Water",Ball Roll Pokemon,3.07,87.6 ,410,90,60,70,75,70,45
365,Walrein,,"Ice, Water",Ice Break Pokemon,4.07,150.6 ,530,110,80,90,95,90,65
366,Clamperl,,Water,Bivalve Pokemon,1.04,52.5 ,345,35,64,85,74,55,32
367,Huntail,,Water,Deep Sea Pokemon,5.07,27.0 ,485,55,104,105,94,75,52
368,Gorebyss,,Water,South Sea Pokemon,5.11,22.6 ,485,55,84,105,114,75,52
369,Relicanth,,"Water, Rock",Longevity Pokemon,3.03,23.4 ,485,100,90,130,45,65,55
370,Luvdisc,,Water,Rendezvous Pokemon,2.00,8.7 ,330,43,30,55,40,65,97
371,Bagon,,Dragon,Rock Head Pokemon,2.00,42.1 ,300,45,75,60,40,30,50
372,Shelgon,,Dragon,Endurance Pokemon,3.07,110.5 ,420,65,95,100,60,50,50
373,Salamence,,"Dragon, Flying",Dragon Pokemon,4.11,102.6 ,600,95,135,80,110,80,100
373,Salamence,Mega Salamence,"Dragon, Flying",Dragon Pokemon,4.11,102.6 ,700,95,145,130,120,90,120
374,Beldum,,"Steel, Psychic",Iron Ball Pokemon,2.00,95.2 ,300,40,55,80,35,60,30
375,Metang,,"Steel, Psychic",Iron Claw Pokemon,3.11,202.5 ,420,60,75,100,55,80,50
376,Metagross,,"Steel, Psychic",Iron Leg Pokemon,5.03,550.0 ,600,80,135,130,95,90,70
376,Metagross,Mega Metagross,"Steel, Psychic",Iron Leg Pokemon,5.03,550.0 ,700,80,145,150,105,110,110
377,Regirock,,Rock,Rock Peak Pokemon,5.07,230.0 ,580,80,100,200,50,100,50
378,Regice,,Ice,Iceberg Pokemon,5.11,175.0 ,580,80,50,100,100,200,50
379,Registeel,,Steel,Iron Pokemon,6.03,205.0 ,580,80,75,150,75,150,50
380,Latias,,"Dragon, Psychic",Eon Pokemon,4.07,40.0 ,600,80,80,90,110,130,110
380,Latias,Mega Latias,"Dragon, Psychic",Eon Pokemon,4.07,40.0 ,700,80,100,120,140,150,110
381,Latios,,"Dragon, Psychic",Eon Pokemon,6.07,60.0 ,600,80,90,80,130,110,110
381,Latios,Mega Latios,"Dragon, Psychic",Eon Pokemon,6.07,60.0 ,700,80,130,100,160,120,110
382,Kyogre,,Water,Sea Basin Pokemon,14.09,352.0 ,670,100,100,90,150,140,90
382,Kyogre,Primal Kyogre,Water,Sea Basin Pokemon,14.09,352.0 ,770,100,150,90,180,160,90
383,Groudon,,Ground,Continent Pokemon,11.06,950.0 ,670,100,150,140,100,90,90
383,Groudon,Primal Groudon,"Ground, Fire",Continent Pokemon,11.06,950.0 ,770,100,180,160,150,90,90
384,Rayquaza,,"Dragon, Flying",Sky High Pokemon,23.00,206.5 ,680,105,150,90,150,90,95
384,Rayquaza,Mega Rayquaza,"Dragon, Flying",Sky High Pokemon,23.00,206.5 ,780,105,180,100,180,100,115
385,Jirachi,,"Steel, Psychic",Wish Pokemon,1.00,1.1 ,600,100,100,100,100,100,100
386,Deoxys,Normal Forme,Psychic,DNA Pokemon,5.07,60.8 ,600,50,150,50,150,50,150
386,Deoxys,Attack Forme,Psychic,DNA Pokemon,5.07,60.8 ,600,50,180,20,180,20,150
386,Deoxys,Defense Forme,Psychic,DNA Pokemon,5.07,60.8 ,600,50,70,160,70,160,90
386,Deoxys,Speed Forme,Psychic,DNA Pokemon,5.07,60.8 ,600,50,95,90,95,90,180
387,Turtwig,,Grass,Tiny Leaf Pokemon,1.04,10.2 ,318,55,68,64,45,55,31
388,Grotle,,Grass,Grove Pokemon,3.07,97.0 ,405,75,89,85,55,65,36
389,Torterra,,"Grass, Ground",Continent Pokemon,7.03,310.0 ,525,95,109,105,75,85,56
390,Chimchar,,Fire,Chimp Pokemon,1.08,6.2 ,309,44,58,44,58,44,61
391,Monferno,,"Fire, Fighting",Playful Pokemon,2.11,22.0 ,405,64,78,52,78,52,81
392,Infernape,,"Fire, Fighting",Flame Pokemon,3.11,55.0 ,534,76,104,71,104,71,108
393,Piplup,,Water,Penguin Pokemon,1.04,5.2 ,314,53,51,53,61,56,40
394,Prinplup,,Water,Penguin Pokemon,2.07,23.0 ,405,64,66,68,81,76,50
395,Empoleon,,"Water, Steel",Emperor Pokemon,5.07,84.5 ,530,84,86,88,111,101,60
396,Starly,,"Normal, Flying",Starling Pokemon,1.00,2.0 ,245,40,55,30,30,30,60
397,Staravia,,"Normal, Flying",Starling Pokemon,2.00,15.5 ,340,55,75,50,40,40,80
398,Staraptor,,"Normal, Flying",Predator Pokemon,3.11,24.9 ,485,85,120,70,50,60,100
399,Bidoof,,Normal,Plump Mouse Pokemon,1.08,20.0 ,250,59,45,40,35,40,31
400,Bibarel,,"Normal, Water",Beaver Pokemon,3.03,31.5 ,410,79,85,60,55,60,71
401,Kricketot,,Bug,Cricket Pokemon,1.00,2.2 ,194,37,25,41,25,41,25
402,Kricketune,,Bug,Cricket Pokemon,3.03,25.5 ,384,77,85,51,55,51,65
403,Shinx,,Electric,Flash Pokemon,1.08,9.5 ,263,45,65,34,40,34,45
404,Luxio,,Electric,Spark Pokemon,2.11,30.5 ,363,60,85,49,60,49,60
405,Luxray,,Electric,Gleam Eyes Pokemon,4.07,42.0 ,523,80,120,79,95,79,70
406,Budew,,"Grass, Poison",Bud Pokemon,0.08,1.2 ,280,40,30,35,50,70,55
407,Roserade,,"Grass, Poison",Bouquet Pokemon,2.11,14.5 ,515,60,70,65,125,105,90
408,Cranidos,,Rock,Head Butt Pokemon,2.11,31.5 ,350,67,125,40,30,30,58
409,Rampardos,,Rock,Head Butt Pokemon,5.03,102.5 ,495,97,165,60,65,50,58
410,Shieldon,,"Rock, Steel",Shield Pokemon,1.08,57.0 ,350,30,42,118,42,88,30
411,Bastiodon,,"Rock, Steel",Shield Pokemon,4.03,149.5 ,495,60,52,168,47,138,30
412,Burmy,Plant Cloak,Bug,Bagworm Pokemon,0.08,3.4 ,224,40,29,45,29,45,36
412,Burmy,Sandy Cloak,Bug,Bagworm Pokemon,0.08,3.4 ,224,40,29,45,29,45,36
412,Burmy,Trash Cloak,Bug,Bagworm Pokemon,0.08,3.4 ,224,40,29,45,29,45,36
413,Wormadam,Plant Cloak,"Bug, Grass",Bagworm Pokemon,1.08,6.5 ,424,60,59,85,79,105,36
413,Wormadam,Sandy Cloak,"Bug, Ground",Bagworm Pokemon,1.08,6.5 ,424,60,79,105,59,85,36
413,Wormadam,Trash Cloak,"Bug, Steel",Bagworm Pokemon,1.08,6.5 ,424,60,69,95,69,95,36
414,Mothim,,"Bug, Flying",Moth Pokemon,2.11,23.3 ,424,70,94,50,94,50,66
415,Combee,,"Bug, Flying",Tiny Bee Pokemon,1.00,5.5 ,244,30,30,42,30,42,70
416,Vespiquen,,"Bug, Flying",Beehive Pokemon,3.11,38.5 ,474,70,80,102,80,102,40
417,Pachirisu,,Electric,EleSquirrel Pokemon,1.04,3.9 ,405,60,45,70,45,90,95
418,Buizel,,Water,Sea Weasel Pokemon,2.04,29.5 ,330,55,65,35,60,30,85
419,Floatzel,,Water,Sea Weasel Pokemon,3.07,33.5 ,495,85,105,55,85,50,115
420,Cherubi,,Grass,Cherry Pokemon,1.04,3.3 ,275,45,35,45,62,53,35
421,Cherrim,,Grass,Blossom Pokemon,1.08,9.3 ,450,70,60,70,87,78,85
422,Shellos,,Water,Sea Slug Pokemon,1.00,6.3 ,325,76,48,48,57,62,34
423,Gastrodon,,"Water, Ground",Sea Slug Pokemon,2.11,29.9 ,475,111,83,68,92,82,39
424,Ambipom,,Normal,Long Tail Pokemon,3.11,20.3 ,482,75,100,66,60,66,115
425,Drifloon,,"Ghost, Flying",Balloon Pokemon,1.04,1.2 ,348,90,50,34,60,44,70
426,Drifblim,,"Ghost, Flying",Blimp Pokemon,3.11,15.0 ,498,150,80,44,90,54,80
427,Buneary,,Normal,Rabbit Pokemon,1.04,5.5 ,350,55,66,44,44,56,85
428,Lopunny,,Normal,Rabbit Pokemon,3.11,33.3 ,480,65,76,84,54,96,105
428,Lopunny,Mega Lopunny,"Normal, Fighting",Rabbit Pokemon,3.11,33.3 ,580,65,136,94,54,96,135
429,Mismagius,,Ghost,Magical Pokemon,2.11,4.4 ,495,60,60,60,105,105,105
430,Honchkrow,,"Dark, Flying",Big Boss Pokemon,2.11,27.3 ,505,100,125,52,105,52,71
431,Glameow,,Normal,Catty Pokemon,1.08,3.9 ,310,49,55,42,42,37,85
432,Purugly,,Normal,Tiger Cat Pokemon,3.03,43.8 ,452,71,82,64,64,59,112
433,Chingling,,Psychic,Bell Pokemon,0.08,0.6 ,285,45,30,50,65,50,45
434,Stunky,,"Poison, Dark",Skunk Pokemon,1.04,19.2 ,329,63,63,47,41,41,74
435,Skuntank,,"Poison, Dark",Skunk Pokemon,3.03,38.0 ,479,103,93,67,71,61,84
436,Bronzor,,"Steel, Psychic",Bronze Pokemon,1.08,60.5 ,300,57,24,86,24,86,23
437,Bronzong,,"Steel, Psychic",Bronze Bell Pokemon,4.03,187.0 ,500,67,89,116,79,116,33
438,Bonsly,,Rock,Bonsai Pokemon,1.08,15.0 ,290,50,80,95,10,45,10
439,Mime Jr.,,"Psychic, Fairy",Mime Pokemon,2.00,13.0 ,310,20,25,45,70,90,60
440,Happiny,,Normal,Playhouse Pokemon,2.00,24.4 ,220,100,5,5,15,65,30
441,Chatot,,"Normal, Flying",Music Note Pokemon,1.08,1.9 ,411,76,65,45,92,42,91
442,Spiritomb,,"Ghost, Dark",Forbidden Pokemon,3.03,108.0 ,485,50,92,108,92,108,35
443,Gible,,"Dragon, Ground",Land Shark Pokemon,2.04,20.5 ,300,58,70,45,40,45,42
444,Gabite,,"Dragon, Ground",Cave Pokemon,4.07,56.0 ,410,68,90,65,50,55,82
445,Garchomp,,"Dragon, Ground",Mach Pokemon,6.03,95.0 ,600,108,130,95,80,85,102
445,Garchomp,Mega Garchomp,"Dragon, Ground",Mach Pokemon,6.03,95.0 ,700,108,170,115,120,95,92
446,Munchlax,,Normal,Big Eater Pokemon,2.00,105.0 ,390,135,85,40,40,85,5
447,Riolu,,Fighting,Emanation Pokemon,2.04,20.2 ,285,40,70,40,35,40,60
448,Lucario,,"Fighting, Steel",Aura Pokemon,3.11,54.0 ,525,70,110,70,115,70,90
448,Lucario,Mega Lucario,"Fighting, Steel",Aura Pokemon,3.11,54.0 ,625,70,145,88,140,70,112
449,Hippopotas,,Ground,Hippo Pokemon,2.07,49.5 ,330,68,72,78,38,42,32
450,Hippowdon,,Ground,Heavyweight Pokemon,6.07,300.0 ,525,108,112,118,68,72,47
451,Skorupi,,"Poison, Bug",Scorpion Pokemon,2.07,12.0 ,330,40,50,90,30,55,65
452,Drapion,,"Poison, Dark",Ogre Scorp Pokemon,4.03,61.5 ,500,70,90,110,60,75,95
453,Croagunk,,"Poison, Fighting",Toxic Mouth Pokemon,2.04,23.0 ,300,48,61,40,61,40,50
454,Toxicroak,,"Poison, Fighting",Toxic Mouth Pokemon,4.03,44.4 ,490,83,106,65,86,65,85
455,Carnivine,,Grass,Bug Catcher Pokemon,4.07,27.0 ,454,74,100,72,90,72,46
456,Finneon,,Water,Wing Fish Pokemon,1.04,7.0 ,330,49,49,56,49,61,66
457,Lumineon,,Water,Neon Pokemon,3.11,24.0 ,460,69,69,76,69,86,91
458,Mantyke,,"Water, Flying",Kite Pokemon,3.03,65.0 ,345,45,20,50,60,120,50
459,Snover,,"Grass, Ice",Frost Tree Pokemon,3.03,50.5 ,334,60,62,50,62,60,40
460,Abomasnow,,"Grass, Ice",Frost Tree Pokemon,7.03,135.5 ,494,90,92,75,92,85,60
460,Abomasnow,Mega Abomasnow,"Grass, Ice",Frost Tree Pokemon,7.03,135.5 ,594,90,132,105,132,105,30
461,Weavile,,"Dark, Ice",Sharp Claw Pokemon,3.07,34.0 ,510,70,120,65,45,85,125
462,Magnezone,,"Electric, Steel",Magnet Area Pokemon,3.11,180.0 ,535,70,70,115,130,90,60
463,Lickilicky,,Normal,Licking Pokemon,5.07,140.0 ,515,110,85,95,80,95,50
464,Rhyperior,,"Ground, Rock",Drill Pokemon,7.10,282.8 ,535,115,140,130,55,55,40
465,Tangrowth,,Grass,Vine Pokemon,6.07,128.6 ,535,100,100,125,110,50,50
466,Electivire,,Electric,Thunderbolt Pokemon,5.11,138.6 ,540,75,123,67,95,85,95
467,Magmortar,,Fire,Blast Pokemon,5.03,68.0 ,540,75,95,67,125,95,83
468,Togekiss,,"Fairy, Flying",Jubilee Pokemon,4.11,38.0 ,545,85,50,95,120,115,80
469,Yanmega,,"Bug, Flying",Ogre Darner Pokemon,6.03,51.5 ,515,86,76,86,116,56,95
470,Leafeon,,Grass,Verdant Pokemon,3.03,25.5 ,525,65,110,130,60,65,95
471,Glaceon,,Ice,Fresh Snow Pokemon,2.07,25.9 ,525,65,60,110,130,95,65
472,Gliscor,,"Ground, Flying",Fang Scorp Pokemon,6.07,42.5 ,510,75,95,125,45,75,95
473,Mamoswine,,"Ice, Ground",Twin Tusk Pokemon,8.02,291.0 ,530,110,130,80,70,60,80
474,Porygon-Z,,Normal,Virtual Pokemon,2.11,34.0 ,535,85,80,70,135,75,90
475,Gallade,,"Psychic, Fighting",Blade Pokemon,5.03,52.0 ,518,68,125,65,65,115,80
475,Gallade,Mega Gallade,"Psychic, Fighting",Blade Pokemon,5.03,52.0 ,618,68,165,95,65,115,110
476,Probopass,,"Rock, Steel",Compass Pokemon,4.07,340.0 ,525,60,55,145,75,150,40
477,Dusknoir,,Ghost,Gripper Pokemon,7.03,106.6 ,525,45,100,135,65,135,45
478,Froslass,,"Ice, Ghost",Snow Land Pokemon,4.03,26.6 ,480,70,80,70,80,70,110
479,Rotom,,"Electric, Ghost",Plasma Pokemon,1.00,0.3 ,440,50,50,77,95,77,91
479,Rotom,Heat Rotom,"Electric, Fire",Plasma Pokemon,1.00,0.3 ,520,50,65,107,105,107,86
479,Rotom,Wash Rotom,"Electric, Water",Plasma Pokemon,1.00,0.3 ,520,50,65,107,105,107,86
479,Rotom,Frost Rotom,"Electric, Ice",Plasma Pokemon,1.00,0.3 ,520,50,65,107,105,107,86
479,Rotom,Fan Rotom,"Electric, Flying",Plasma Pokemon,1.00,0.3 ,520,50,65,107,105,107,86
479,Rotom,Mow Rotom,"Electric, Grass",Plasma Pokemon,1.00,0.3 ,520,50,65,107,105,107,86
480,Uxie,,Psychic,Knowledge Pokemon,1.00,0.3 ,580,75,75,130,75,130,95
481,Mesprit,,Psychic,Emotion Pokemon,1.00,0.3 ,580,80,105,105,105,105,80
482,Azelf,,Psychic,Willpower Pokemon,1.00,0.3 ,580,75,125,70,125,70,115
483,Dialga,,"Steel, Dragon",Temporal Pokemon,17.09,683.0 ,680,100,120,120,150,100,90
483,Dialga,Origin Forme,"Steel, Dragon",Temporal Pokemon,17.09,683.0 ,680,100,100,120,150,120,90
484,Palkia,,"Water, Dragon",Spatial Pokemon,13.09,336.0 ,680,90,120,100,150,120,100
484,Palkia,Origin Forme,"Water, Dragon",Spatial Pokemon,13.09,336.0 ,680,90,100,100,150,120,120
485,Heatran,,"Fire, Steel",Lava Dome Pokemon,5.07,430.0 ,600,91,90,106,130,106,77
486,Regigigas,,Normal,Colossal Pokemon,12.02,420.0 ,670,110,160,110,80,110,100
487,Giratina,Altered Forme,"Ghost, Dragon",Renegade Pokemon,14.09,750.0 ,680,150,100,120,100,120,90
487,Giratina,Origin Forme,"Ghost, Dragon",Renegade Pokemon,14.09,750.0 ,680,150,120,100,120,100,90
488,Cresselia,,Psychic,Lunar Pokemon,4.11,85.6 ,580,120,70,110,75,120,85
489,Phione,,Water,Sea Drifter Pokemon,1.04,3.1 ,480,80,80,80,80,80,80
490,Manaphy,,Water,Seafaring Pokemon,1.00,1.4 ,600,100,100,100,100,100,100
491,Darkrai,,Dark,Pitch-Black Pokemon,4.11,50.5 ,600,70,90,90,135,90,125
492,Shaymin,Land Forme,Grass,Gratitude Pokemon,0.08,2.1 ,600,100,100,100,100,100,100
492,Shaymin,Sky Forme,"Grass, Flying",Gratitude Pokemon,0.08,2.1 ,600,100,103,75,120,75,127
493,Arceus,,Normal,Alpha Pokemon,10.06,320.0 ,720,120,120,120,120,120,120
494,Victini,,"Psychic, Fire",Victory Pokemon,1.04,4.0 ,600,100,100,100,100,100,100
495,Snivy,,Grass,Grass Snake Pokemon,2.00,8.1 ,308,45,45,55,45,55,63
496,Servine,,Grass,Grass Snake Pokemon,2.07,16.0 ,413,60,60,75,60,75,83
497,Serperior,,Grass,Regal Pokemon,10.10,63.0 ,528,75,75,95,75,95,113
498,Tepig,,Fire,Fire Pig Pokemon,1.08,9.9 ,308,65,63,45,45,45,45
499,Pignite,,"Fire, Fighting",Fire Pig Pokemon,3.03,55.5 ,418,90,93,55,70,55,55
500,Emboar,,"Fire, Fighting",Mega Fire Pig Pokemon,5.03,150.0 ,528,110,123,65,100,65,65
501,Oshawott,,Water,Sea Otter Pokemon,1.08,5.9 ,308,55,55,45,63,45,45
502,Dewott,,Water,Discipline Pokemon,2.07,24.5 ,413,75,75,60,83,60,60
503,Samurott,,Water,Formidable Pokemon,4.11,94.6 ,528,95,100,85,108,70,70
503,Samurott,Hisuian Samurott,"Water, Dark",Formidable Pokemon,4.11,94.6 ,528,90,108,80,100,65,85
504,Patrat,,Normal,Scout Pokemon,1.08,11.6 ,255,45,55,39,35,39,42
505,Watchog,,Normal,Lookout Pokemon,3.07,27.0 ,420,60,85,69,60,69,77
506,Lillipup,,Normal,Puppy Pokemon,1.04,4.1 ,275,45,60,45,25,45,55
507,Herdier,,Normal,Loyal Dog Pokemon,2.11,14.7 ,370,65,80,65,35,65,60
508,Stoutland,,Normal,Big-Hearted Pokemon,3.11,61.0 ,500,85,110,90,45,90,80
509,Purrloin,,Dark,Devious Pokemon,1.04,10.1 ,281,41,50,37,50,37,66
510,Liepard,,Dark,Cruel Pokemon,3.07,37.5 ,446,64,88,50,88,50,106
511,Pansage,,Grass,Grass Monkey Pokemon,2.00,10.5 ,316,50,53,48,53,48,64
512,Simisage,,Grass,Thorn Monkey Pokemon,3.07,30.5 ,498,75,98,63,98,63,101
513,Pansear,,Fire,High Temp Pokemon,2.00,11.0 ,316,50,53,48,53,48,64
514,Simisear,,Fire,Ember Pokemon,3.03,28.0 ,498,75,98,63,98,63,101
515,Panpour,,Water,Spray Pokemon,2.00,13.5 ,316,50,53,48,53,48,64
516,Simipour,,Water,Geyser Pokemon,3.03,29.0 ,498,75,98,63,98,63,101
517,Munna,,Psychic,Dream Eater Pokemon,2.00,23.3 ,292,76,25,45,67,55,24
518,Musharna,,Psychic,Drowsing Pokemon,3.07,60.5 ,487,116,55,85,107,95,29
519,Pidove,,"Normal, Flying",Tiny Pigeon Pokemon,1.00,2.1 ,264,50,55,50,36,30,43
520,Tranquill,,"Normal, Flying",Wild Pigeon Pokemon,2.00,15.0 ,358,62,77,62,50,42,65
521,Unfezant,,"Normal, Flying",Proud Pokemon,3.11,29.0 ,488,80,115,80,65,55,93
522,Blitzle,,Electric,Electrified Pokemon,2.07,29.8 ,295,45,60,32,50,32,76
523,Zebstrika,,Electric,Thunderbolt Pokemon,5.03,79.5 ,497,75,100,63,80,63,116
524,Roggenrola,,Rock,Mantle Pokemon,1.04,18.0 ,280,55,75,85,25,25,15
525,Boldore,,Rock,Ore Pokemon,2.11,102.0 ,390,70,105,105,50,40,20
526,Gigalith,,Rock,Compressed Pokemon,5.07,260.0 ,515,85,135,130,60,80,25
527,Woobat,,"Psychic, Flying",Bat Pokemon,1.04,2.1 ,323,65,45,43,55,43,72
528,Swoobat,,"Psychic, Flying",Courting Pokemon,2.11,10.5 ,425,67,57,55,77,55,114
529,Drilbur,,Ground,Mole Pokemon,1.00,8.5 ,328,60,85,40,30,45,68
530,Excadrill,,"Ground, Steel",Subterrene Pokemon,2.04,40.4 ,508,110,135,60,50,65,88
531,Audino,,Normal,Hearing Pokemon,3.07,31.0 ,445,103,60,86,60,86,50
531,Audino,Mega Audino,"Normal, Fairy",Hearing Pokemon,3.07,31.0 ,545,103,60,126,80,126,50
532,Timburr,,Fighting,Muscular Pokemon,2.00,12.5 ,305,75,80,55,25,35,35
533,Gurdurr,,Fighting,Muscular Pokemon,3.11,40.0 ,405,85,105,85,40,50,40
534,Conkeldurr,,Fighting,Muscular Pokemon,4.07,87.0 ,505,105,140,95,55,65,45
535,Tympole,,Water,Tadpole Pokemon,1.08,4.5 ,294,50,50,40,50,40,64
536,Palpitoad,,"Water, Ground",Vibration Pokemon,2.07,17.0 ,384,75,65,55,65,55,69
537,Seismitoad,,"Water, Ground",Vibration Pokemon,4.11,62.0 ,509,105,95,75,85,75,74
538,Throh,,Fighting,Judo Pokemon,4.03,55.5 ,465,120,100,85,30,85,45
539,Sawk,,Fighting,Karate Pokemon,4.07,51.0 ,465,75,125,75,30,75,85
540,Sewaddle,,"Bug, Grass",Sewing Pokemon,1.00,2.5 ,310,45,53,70,40,60,42
541,Swadloon,,"Bug, Grass",Leaf-Wrapped Pokemon,1.08,7.3 ,380,55,63,90,50,80,42
542,Leavanny,,"Bug, Grass",Nurturing Pokemon,3.11,20.5 ,500,75,103,80,70,80,92
543,Venipede,,"Bug, Poison",Centipede Pokemon,1.04,5.3 ,260,30,45,59,30,39,57
544,Whirlipede,,"Bug, Poison",Curlipede Pokemon,3.11,58.5 ,360,40,55,99,40,79,47
545,Scolipede,,"Bug, Poison",Megapede Pokemon,8.02,200.5 ,485,60,100,89,55,69,112
546,Cottonee,,"Grass, Fairy",Cotton Puff Pokemon,1.00,0.6 ,280,40,27,60,37,50,66
547,Whimsicott,,"Grass, Fairy",Windveiled Pokemon,2.04,6.6 ,480,60,67,85,77,75,116
548,Petilil,,Grass,Bulb Pokemon,1.08,6.6 ,280,45,35,50,70,50,30
549,Lilligant,,Grass,Flowering Pokemon,3.07,16.3 ,480,70,60,75,110,75,90
549,Lilligant,Hisuian Lilligant,"Grass, Fighting",Flowering Pokemon,3.07,16.3 ,480,70,105,75,50,75,105
550,Basculin,Red-Striped Form,Water,Hostile Pokemon,3.03,18.0 ,460,70,92,65,80,55,98
550,Basculin,Blue-Striped Form,Water,Hostile Pokemon,3.03,18.0 ,460,70,92,65,80,55,98
550,Basculin,White-Striped Form,Water,Hostile Pokemon,3.03,18.0 ,460,70,92,65,80,55,98
551,Sandile,,"Ground, Dark",Desert Croc Pokemon,2.04,15.2 ,292,50,72,35,35,35,65
552,Krokorok,,"Ground, Dark",Desert Croc Pokemon,3.03,33.4 ,351,60,82,45,45,45,74
553,Krookodile,,"Ground, Dark",Intimidation Pokemon,4.11,96.3 ,519,95,117,80,65,70,92
554,Darumaka,,Fire,Zen Charm Pokemon,2.00,37.5 ,315,70,90,45,15,45,50
554,Darumaka,Galarian Darumaka,Ice,Zen Charm Pokemon,2.00,37.5 ,315,70,90,45,15,45,50
555,Darmanitan,Standard Mode,Fire,Blazing Pokemon,4.03,92.9 ,480,105,140,55,30,55,95
555,Darmanitan,Zen Mode,"Fire, Psychic",Blazing Pokemon,4.03,92.9 ,540,105,30,105,140,105,55
555,Darmanitan,Galarian Standard Mode,Ice,Blazing Pokemon,4.03,92.9 ,480,105,140,55,30,55,95
555,Darmanitan,Galarian Zen Mode,"Ice, Fire",Blazing Pokemon,4.03,92.9 ,540,105,160,55,30,55,135
556,Maractus,,Grass,Cactus Pokemon,3.03,28.0 ,461,75,86,67,106,67,60
557,Dwebble,,"Bug, Rock",Rock Inn Pokemon,1.00,14.5 ,325,50,65,85,35,35,55
558,Crustle,,"Bug, Rock",Stone Home Pokemon,4.07,200.0 ,485,70,105,125,65,75,45
559,Scraggy,,"Dark, Fighting",Shedding Pokemon,2.00,11.8 ,348,50,75,70,35,70,48
560,Scrafty,,"Dark, Fighting",Hoodlum Pokemon,3.07,30.0 ,488,65,90,115,45,115,58
561,Sigilyph,,"Psychic, Flying",Avianoid Pokemon,4.07,14.0 ,490,72,58,80,103,80,97
562,Yamask,,Ghost,Spirit Pokemon,1.08,1.5 ,303,38,30,85,55,65,30
562,Yamask,Galarian Yamask,"Ground, Ghost",Spirit Pokemon,1.08,1.5 ,303,38,55,85,30,65,30
563,Cofagrigus,,Ghost,Coffin Pokemon,5.07,76.5 ,483,58,50,145,95,105,30
564,Tirtouga,,"Water, Rock",Prototurtle Pokemon,2.04,16.5 ,355,54,78,103,53,45,22
565,Carracosta,,"Water, Rock",Prototurtle Pokemon,3.11,81.0 ,495,74,108,133,83,65,32
566,Archen,,"Rock, Flying",First Bird Pokemon,1.08,9.5 ,401,55,112,45,74,45,70
567,Archeops,,"Rock, Flying",First Bird Pokemon,4.07,32.0 ,567,75,140,65,112,65,110
568,Trubbish,,Poison,Trash Bag Pokemon,2.00,31.0 ,329,50,50,62,40,62,65
569,Garbodor,,Poison,Trash Heap Pokemon,6.03,107.3 ,474,80,95,82,60,82,75
570,Zorua,,Dark,Tricky Fox Pokemon,2.04,12.5 ,330,40,65,40,80,40,65
570,Zorua,Hisuian Zorua,"Normal, Ghost",Tricky Fox Pokemon,2.04,12.5 ,330,35,60,40,85,40,70
571,Zoroark,,Dark,Illusion Fox Pokemon,5.03,81.1 ,510,60,105,60,120,60,105
571,Zoroark,Hisuian Zoroark,"Normal, Ghost",Illusion Fox Pokemon,5.03,81.1 ,510,55,100,60,125,60,110
572,Minccino,,Normal,Chinchilla Pokemon,1.04,5.8 ,300,55,50,40,40,40,75
573,Cinccino,,Normal,Scarf Pokemon,1.08,7.5 ,470,75,95,60,65,60,115
574,Gothita,,Psychic,Fixation Pokemon,1.04,5.8 ,290,45,30,50,55,65,45
575,Gothorita,,Psychic,Manipulate Pokemon,2.04,18.0 ,390,60,45,70,75,85,55
576,Gothitelle,,Psychic,Astral Body Pokemon,4.11,44.0 ,490,70,55,95,95,110,65
577,Solosis,,Psychic,Cell Pokemon,1.00,1.0 ,290,45,30,40,105,50,20
578,Duosion,,Psychic,Mitosis Pokemon,2.00,8.0 ,370,65,40,50,125,60,30
579,Reuniclus,,Psychic,Multiplying Pokemon,3.03,20.1 ,490,110,65,75,125,85,30
580,Ducklett,,"Water, Flying",Water Bird Pokemon,1.08,5.5 ,305,62,44,50,44,50,55
581,Swanna,,"Water, Flying",White Bird Pokemon,4.03,24.2 ,473,75,87,63,87,63,98
582,Vanillite,,Ice,Fresh Snow Pokemon,1.04,5.7 ,305,36,50,50,65,60,44
583,Vanillish,,Ice,Icy Snow Pokemon,3.07,41.0 ,395,51,65,65,80,75,59
584,Vanilluxe,,Ice,Snowstorm Pokemon,4.03,57.5 ,535,71,95,85,110,95,79
585,Deerling,,"Normal, Grass",Season Pokemon,2.00,19.5 ,335,60,60,50,40,50,75
586,Sawsbuck,,"Normal, Grass",Season Pokemon,6.03,92.5 ,475,80,100,70,60,70,95
587,Emolga,,"Electric, Flying",Sky Squirrel Pokemon,1.04,5.0 ,428,55,75,60,75,60,103
588,Karrablast,,Bug,Clamping Pokemon,1.08,5.9 ,315,50,75,45,40,45,60
589,Escavalier,,"Bug, Steel",Cavalry Pokemon,3.03,33.0 ,495,70,135,105,60,105,20
590,Foongus,,"Grass, Poison",Mushroom Pokemon,0.08,1.0 ,294,69,55,45,55,55,15
591,Amoonguss,,"Grass, Poison",Mushroom Pokemon,2.00,10.5 ,464,114,85,70,85,80,30
592,Frillish,,"Water, Ghost",Floating Pokemon,3.11,33.0 ,335,55,40,50,65,85,40
593,Jellicent,,"Water, Ghost",Floating Pokemon,7.03,135.0 ,480,100,60,70,85,105,60
594,Alomomola,,Water,Caring Pokemon,3.11,31.6 ,470,165,75,80,40,45,65
595,Joltik,,"Bug, Electric",Attaching Pokemon,0.04,0.6 ,319,50,47,50,57,50,65
596,Galvantula,,"Bug, Electric",EleSpider Pokemon,2.07,14.3 ,472,70,77,60,97,60,108
597,Ferroseed,,"Grass, Steel",Thorn Seed Pokemon,2.00,18.8 ,305,44,50,91,24,86,10
598,Ferrothorn,,"Grass, Steel",Thorn Pod Pokemon,3.03,110.0 ,489,74,94,131,54,116,20
599,Klink,,Steel,Gear Pokemon,1.00,21.0 ,300,40,55,70,45,60,30
600,Klang,,Steel,Gear Pokemon,2.00,51.0 ,440,60,80,95,70,85,50
601,Klinklang,,Steel,Gear Pokemon,2.00,81.0 ,520,60,100,115,70,85,90
602,Tynamo,,Electric,EleFish Pokemon,0.08,0.3 ,275,35,55,40,45,40,60
603,Eelektrik,,Electric,EleFish Pokemon,3.11,22.0 ,405,65,85,70,75,70,40
604,Eelektross,,Electric,EleFish Pokemon,6.11,80.5 ,515,85,115,80,105,80,50
605,Elgyem,,Psychic,Cerebral Pokemon,1.08,9.0 ,335,55,55,55,85,55,30
606,Beheeyem,,Psychic,Cerebral Pokemon,3.03,34.5 ,485,75,75,75,125,95,40
607,Litwick,,"Ghost, Fire",Candle Pokemon,1.00,3.1 ,275,50,30,55,65,55,20
608,Lampent,,"Ghost, Fire",Lamp Pokemon,2.00,13.0 ,370,60,40,60,95,60,55
609,Chandelure,,"Ghost, Fire",Luring Pokemon,3.03,34.3 ,520,60,55,90,145,90,80
610,Axew,,Dragon,Tusk Pokemon,2.00,18.0 ,320,46,87,60,30,40,57
611,Fraxure,,Dragon,Axe Jaw Pokemon,3.03,36.0 ,410,66,117,70,40,50,67
612,Haxorus,,Dragon,Axe Jaw Pokemon,5.11,105.5 ,540,76,147,90,60,70,97
613,Cubchoo,,Ice,Chill Pokemon,1.08,8.5 ,305,55,70,40,60,40,40
614,Beartic,,Ice,Freezing Pokemon,8.06,260.0 ,505,95,130,80,70,80,50
615,Cryogonal,,Ice,Crystallizing Pokemon,3.07,148.0 ,515,80,50,50,95,135,105
616,Shelmet,,Bug,Snail Pokemon,1.04,7.7 ,305,50,40,85,40,65,25
617,Accelgor,,Bug,Shell Out Pokemon,2.07,25.3 ,495,80,70,40,100,60,145
618,Stunfisk,,"Ground, Electric",Trap Pokemon,2.04,11.0 ,471,109,66,84,81,99,32
618,Stunfisk,Galarian Stunfisk,"Ground, Steel",Trap Pokemon,2.04,11.0 ,471,109,81,99,66,84,32
619,Mienfoo,,Fighting,Martial Arts Pokemon,2.11,20.0 ,350,45,85,50,55,50,65
620,Mienshao,,Fighting,Martial Arts Pokemon,4.07,35.5 ,510,65,125,60,95,60,105
621,Druddigon,,Dragon,Cave Pokemon,5.03,139.0 ,485,77,120,90,60,90,48
622,Golett,,"Ground, Ghost",Automaton Pokemon,3.03,92.0 ,303,59,74,50,35,50,35
623,Golurk,,"Ground, Ghost",Automaton Pokemon,9.02,330.0 ,483,89,124,80,55,80,55
624,Pawniard,,"Dark, Steel",Sharp Blade Pokemon,1.08,10.2 ,340,45,85,70,40,40,60
625,Bisharp,,"Dark, Steel",Sword Blade Pokemon,5.03,70.0 ,490,65,125,100,60,70,70
626,Bouffalant,,Normal,Bash Buffalo Pokemon,5.03,94.6 ,490,95,110,95,40,95,55
627,Rufflet,,"Normal, Flying",Eaglet Pokemon,1.08,10.5 ,350,70,83,50,37,50,60
628,Braviary,,"Normal, Flying",Valiant Pokemon,4.11,41.0 ,510,100,123,75,57,75,80
628,Braviary,Hisuian Braviary,"Psychic, Flying",Valiant Pokemon,4.11,41.0 ,510,110,83,70,112,70,65
629,Vullaby,,"Dark, Flying",Diapered Pokemon,1.08,9.0 ,370,70,55,75,45,65,60
630,Mandibuzz,,"Dark, Flying",Bone Vulture Pokemon,3.11,39.5 ,510,110,65,105,55,95,80
631,Heatmor,,Fire,Anteater Pokemon,4.07,58.0 ,484,85,97,66,105,66,65
632,Durant,,"Bug, Steel",Iron Ant Pokemon,1.00,33.0 ,484,58,109,112,48,48,109
633,Deino,,"Dark, Dragon",Irate Pokemon,2.07,17.3 ,300,52,65,50,45,50,38
634,Zweilous,,"Dark, Dragon",Hostile Pokemon,4.07,50.0 ,420,72,85,70,65,70,58
635,Hydreigon,,"Dark, Dragon",Brutal Pokemon,5.11,160.0 ,600,92,105,90,125,90,98
636,Larvesta,,"Bug, Fire",Torch Pokemon,3.07,28.8 ,360,55,85,55,50,55,60
637,Volcarona,,"Bug, Fire",Sun Pokemon,5.03,46.0 ,550,85,60,65,135,105,100
638,Cobalion,,"Steel, Fighting",Iron Will Pokemon,6.11,250.0 ,580,91,90,129,90,72,108
639,Terrakion,,"Rock, Fighting",Cavern Pokemon,6.03,260.0 ,580,91,129,90,72,90,108
640,Virizion,,"Grass, Fighting",Grassland Pokemon,6.07,200.0 ,580,91,90,72,90,129,108
641,Tornadus,Incarnate Forme,Flying,Cyclone Pokemon,4.11,63.0 ,580,79,115,70,125,80,111
641,Tornadus,Therian Forme,Flying,Cyclone Pokemon,4.11,63.0 ,580,79,100,80,110,90,121
642,Thundurus,Incarnate Forme,"Electric, Flying",Bolt Strike Pokemon,4.11,61.0 ,580,79,115,70,125,80,111
642,Thundurus,Therian Forme,"Electric, Flying",Bolt Strike Pokemon,4.11,61.0 ,580,79,105,70,145,80,101
643,Reshiram,,"Dragon, Fire",Vast White Pokemon,10.06,330.0 ,680,100,120,100,150,120,90
644,Zekrom,,"Dragon, Electric",Deep Black Pokemon,9.06,345.0 ,680,100,150,120,120,100,90
645,Landorus,Incarnate Forme,"Ground, Flying",Abundance Pokemon,4.11,68.0 ,600,89,125,90,115,80,101
645,Landorus,Therian Forme,"Ground, Flying",Abundance Pokemon,4.11,68.0 ,600,89,145,90,105,80,91
646,Kyurem,,"Dragon, Ice",Boundary Pokemon,9.10,325.0 ,660,125,130,90,130,90,95
646,Kyurem,White Kyurem,"Dragon, Ice",Boundary Pokemon,9.10,325.0 ,700,125,120,90,170,100,95
646,Kyurem,Black Kyurem,"Dragon, Ice",Boundary Pokemon,9.10,325.0 ,700,125,170,100,120,90,95
647,Keldeo,Ordinary Form,"Water, Fighting",Colt Pokemon,4.07,48.5 ,580,91,72,90,129,90,108
647,Keldeo,Resolute Form,"Water, Fighting",Colt Pokemon,4.07,48.5 ,580,91,72,90,129,90,108
648,Meloetta,Aria Forme,"Normal, Psychic",Melody Pokemon,2.00,6.5 ,600,100,77,77,128,128,90
648,Meloetta,Pirouette Forme,"Normal, Fighting",Melody Pokemon,2.00,6.5 ,600,100,128,90,77,77,128
649,Genesect,,"Bug, Steel",Paleozoic Pokemon,4.11,82.5 ,600,71,120,95,120,95,99
650,Chespin,,Grass,Spiny Nut Pokemon,1.04,9.0 ,313,56,61,65,48,45,38
651,Quilladin,,Grass,Spiny Armor Pokemon,2.04,29.0 ,405,61,78,95,56,58,57
652,Chesnaught,,"Grass, Fighting",Spiny Armor Pokemon,5.03,90.0 ,530,88,107,122,74,75,64
653,Fennekin,,Fire,Fox Pokemon,1.04,9.4 ,307,40,45,40,62,60,60
654,Braixen,,Fire,Fox Pokemon,3.03,14.5 ,409,59,59,58,90,70,73
655,Delphox,,"Fire, Psychic",Fox Pokemon,4.11,39.0 ,534,75,69,72,114,100,104
656,Froakie,,Water,Bubble Frog Pokemon,1.00,7.0 ,314,41,56,40,62,44,71
657,Frogadier,,Water,Bubble Frog Pokemon,2.00,10.9 ,405,54,63,52,83,56,97
658,Greninja,,"Water, Dark",Ninja Pokemon,4.11,40.0 ,530,72,95,67,103,71,122
658,Greninja,Ash-Greninja,"Water, Dark",Ninja Pokemon,4.11,40.0 ,640,72,145,67,153,71,132
659,Bunnelby,,Normal,Digging Pokemon,1.04,5.0 ,237,38,36,38,32,36,57
660,Diggersby,,"Normal, Ground",Digging Pokemon,3.03,42.4 ,423,85,56,77,50,77,78
661,Fletchling,,"Normal, Flying",Tiny Robin Pokemon,1.00,1.7 ,278,45,50,43,40,38,62
662,Fletchinder,,"Fire, Flying",Ember Pokemon,2.04,16.0 ,382,62,73,55,56,52,84
663,Talonflame,,"Fire, Flying",Scorching Pokemon,3.11,24.5 ,499,78,81,71,74,69,126
664,Scatterbug,,Bug,Scatterdust Pokemon,1.00,2.5 ,200,38,35,40,27,25,35
665,Spewpa,,Bug,Scatterdust Pokemon,1.00,8.4 ,213,45,22,60,27,30,29
666,Vivillon,,"Bug, Flying",Scale Pokemon,3.11,17.0 ,411,80,52,50,90,50,89
667,Litleo,,"Fire, Normal",Lion Cub Pokemon,2.00,13.5 ,369,62,50,58,73,54,72
668,Pyroar,,"Fire, Normal",Royal Pokemon,4.11,81.5 ,507,86,68,72,109,66,106
669,Flabébé,,Fairy,Single Bloom Pokemon,0.04,0.1 ,303,44,38,39,61,79,42
670,Floette,,Fairy,Single Bloom Pokemon,0.08,0.9 ,371,54,45,47,75,98,52
671,Florges,,Fairy,Garden Pokemon,3.07,10.0 ,552,78,65,68,112,154,75
672,Skiddo,,Grass,Mount Pokemon,2.11,31.0 ,350,66,65,48,62,57,52
673,Gogoat,,Grass,Mount Pokemon,5.07,91.0 ,531,123,100,62,97,81,68
674,Pancham,,Fighting,Playful Pokemon,2.00,8.0 ,348,67,82,62,46,48,43
675,Pangoro,,"Fighting, Dark",Daunting Pokemon,6.11,136.0 ,495,95,124,78,69,71,58
676,Furfrou,,Normal,Poodle Pokemon,3.11,28.0 ,472,75,80,60,65,90,102
677,Espurr,,Psychic,Restraint Pokemon,1.00,3.5 ,355,62,48,54,63,60,68
678,Meowstic,Male,Psychic,Constraint Pokemon,2.00,8.5 ,466,74,48,76,83,81,104
678,Meowstic,Female,Psychic,Constraint Pokemon,2.00,8.5 ,466,74,48,76,83,81,104
679,Honedge,,"Steel, Ghost",Sword Pokemon,2.07,2.0 ,325,45,80,100,35,37,28
680,Doublade,,"Steel, Ghost",Sword Pokemon,2.07,4.5 ,448,59,110,150,45,49,35
681,Aegislash,Shield Forme,"Steel, Ghost",Royal Sword Pokemon,5.07,53.0 ,500,60,50,140,50,140,60
681,Aegislash,Blade Forme,"Steel, Ghost",Royal Sword Pokemon,5.07,53.0 ,500,60,140,50,140,50,60
682,Spritzee,,Fairy,Perfume Pokemon,0.08,0.5 ,341,78,52,60,63,65,23
683,Aromatisse,,Fairy,Fragrance Pokemon,2.07,15.5 ,462,101,72,72,99,89,29
684,Swirlix,,Fairy,Cotton Candy Pokemon,1.04,3.5 ,341,62,48,66,59,57,49
685,Slurpuff,,Fairy,Meringue Pokemon,2.07,5.0 ,480,82,80,86,85,75,72
686,Inkay,,"Dark, Psychic",Revolving Pokemon,1.04,3.5 ,288,53,54,53,37,46,45
687,Malamar,,"Dark, Psychic",Overturning Pokemon,4.11,47.0 ,482,86,92,88,68,75,73
688,Binacle,,"Rock, Water",Two-Handed Pokemon,1.08,31.0 ,306,42,52,67,39,56,50
689,Barbaracle,,"Rock, Water",Collective Pokemon,4.03,96.0 ,500,72,105,115,54,86,68
690,Skrelp,,"Poison, Water",Mock Kelp Pokemon,1.08,7.3 ,320,50,60,60,60,60,30
691,Dragalge,,"Poison, Dragon",Mock Kelp Pokemon,5.11,81.5 ,494,65,75,90,97,123,44
692,Clauncher,,Water,Water Gun Pokemon,1.08,8.3 ,330,50,53,62,58,63,44
693,Clawitzer,,Water,Howitzer Pokemon,4.03,35.3 ,500,71,73,88,120,89,59
694,Helioptile,,"Electric, Normal",Generator Pokemon,1.08,6.0 ,289,44,38,33,61,43,70
695,Heliolisk,,"Electric, Normal",Generator Pokemon,3.03,21.0 ,481,62,55,52,109,94,109
696,Tyrunt,,"Rock, Dragon",Royal Heir Pokemon,2.07,26.0 ,362,58,89,77,45,45,48
697,Tyrantrum,,"Rock, Dragon",Despot Pokemon,8.02,270.0 ,521,82,121,119,69,59,71
698,Amaura,,"Rock, Ice",Tundra Pokemon,4.03,25.2 ,362,77,59,50,67,63,46
699,Aurorus,,"Rock, Ice",Tundra Pokemon,8.10,225.0 ,521,123,77,72,99,92,58
700,Sylveon,,Fairy,Intertwining Pokemon,3.03,23.5 ,525,95,65,65,110,130,60
701,Hawlucha,,"Fighting, Flying",Wrestling Pokemon,2.07,21.5 ,500,78,92,75,74,63,118
702,Dedenne,,"Electric, Fairy",Antenna Pokemon,0.08,2.2 ,431,67,58,57,81,67,101
703,Carbink,,"Rock, Fairy",Jewel Pokemon,1.00,5.7 ,500,50,50,150,50,150,50
704,Goomy,,Dragon,Soft Tissue Pokemon,1.00,2.8 ,300,45,50,35,55,75,40
705,Sliggoo,,Dragon,Soft Tissue Pokemon,2.07,17.5 ,452,68,75,53,83,113,60
705,Sliggoo,Hisuian Sliggoo,"Steel, Dragon",Soft Tissue Pokemon,2.07,17.5 ,452,58,75,83,83,113,40
706,Goodra,,Dragon,Dragon Pokemon,6.07,150.5 ,600,90,100,70,110,150,80
706,Goodra,Hisuian Goodra,"Steel, Dragon",Dragon Pokemon,6.07,150.5 ,600,80,100,100,110,150,60
707,Klefki,,"Steel, Fairy",Key Ring Pokemon,0.08,3.0 ,470,57,80,91,80,87,75
708,Phantump,,"Ghost, Grass",Stump Pokemon,1.04,7.0 ,309,43,70,48,50,60,38
709,Trevenant,,"Ghost, Grass",Elder Tree Pokemon,4.11,71.0 ,474,85,110,76,65,82,56
710,Pumpkaboo,Average Size,"Ghost, Grass",Pumpkin Pokemon,1.04,5.0 ,335,49,66,70,44,55,51
710,Pumpkaboo,Small Size,"Ghost, Grass",Pumpkin Pokemon,1.04,5.0 ,335,44,66,70,44,55,56
710,Pumpkaboo,Large Size,"Ghost, Grass",Pumpkin Pokemon,1.04,5.0 ,335,54,66,70,44,55,46
710,Pumpkaboo,Super Size,"Ghost, Grass",Pumpkin Pokemon,1.04,5.0 ,335,59,66,70,44,55,41
711,Gourgeist,Average Size,"Ghost, Grass",Pumpkin Pokemon,2.11,12.5 ,494,65,90,122,58,75,84
711,Gourgeist,Small Size,"Ghost, Grass",Pumpkin Pokemon,2.11,12.5 ,494,55,85,122,58,75,99
711,Gourgeist,Large Size,"Ghost, Grass",Pumpkin Pokemon,2.11,12.5 ,494,75,95,122,58,75,69
711,Gourgeist,Super Size,"Ghost, Grass",Pumpkin Pokemon,2.11,12.5 ,494,85,100,122,58,75,54
712,Bergmite,,Ice,Ice Chunk Pokemon,3.03,99.5 ,304,55,69,85,32,35,28
713,Avalugg,,Ice,Iceberg Pokemon,6.07,505.0 ,514,95,117,184,44,46,28
713,Avalugg,Hisuian Avalugg,"Ice, Rock",Iceberg Pokemon,6.07,505.0 ,514,95,127,184,34,36,38
714,Noibat,,"Flying, Dragon",Sound Wave Pokemon,1.08,8.0 ,245,40,30,35,45,40,55
715,Noivern,,"Flying, Dragon",Sound Wave Pokemon,4.11,85.0 ,535,85,70,80,97,80,123
716,Xerneas,,Fairy,Life Pokemon,9.10,215.0 ,680,126,131,95,131,98,99
717,Yveltal,,"Dark, Flying",Destruction Pokemon,19.00,203.0 ,680,126,131,95,131,98,99
718,Zygarde,50% Forme,"Dragon, Ground",Order Pokemon,16.05,305.0 ,600,108,100,121,81,95,95
718,Zygarde,10% Forme,"Dragon, Ground",Order Pokemon,16.05,305.0 ,486,54,100,71,61,85,115
718,Zygarde,Complete Forme,"Dragon, Ground",Order Pokemon,16.05,305.0 ,708,216,100,121,91,95,85
719,Diancie,,"Rock, Fairy",Jewel Pokemon,2.04,8.8 ,600,50,100,150,100,150,50
719,Diancie,Mega Diancie,"Rock, Fairy",Jewel Pokemon,2.04,8.8 ,700,50,160,110,160,110,110
720,Hoopa,Hoopa Confined,"Psychic, Ghost",Mischief Pokemon,1.08,9.0 ,600,80,110,60,150,130,70
720,Hoopa,Hoopa Unbound,"Psychic, Dark",Mischief Pokemon,1.08,9.0 ,680,80,160,60,170,130,80
721,Volcanion,,"Fire, Water",Steam Pokemon,5.07,195.0 ,600,80,110,120,130,90,70
722,Rowlet,,"Grass, Flying",Grass Quill Pokemon,1.00,1.5 ,320,68,55,55,50,50,42
723,Dartrix,,"Grass, Flying",Blade Quill Pokemon,2.04,16.0 ,420,78,75,75,70,70,52
724,Decidueye,,"Grass, Ghost",Arrow Quill Pokemon,5.03,36.6 ,530,78,107,75,100,100,70
724,Decidueye,Hisuian Decidueye,"Grass, Fighting",Arrow Quill Pokemon,5.03,36.6 ,530,88,112,80,95,95,60
725,Litten,,Fire,Fire Cat Pokemon,1.04,4.3 ,320,45,65,40,60,40,70
726,Torracat,,Fire,Fire Cat Pokemon,2.04,25.0 ,420,65,85,50,80,50,90
727,Incineroar,,"Fire, Dark",Heel Pokemon,5.11,83.0 ,530,95,115,90,80,90,60
728,Popplio,,Water,Sea Lion Pokemon,1.04,7.5 ,320,50,54,54,66,56,40
729,Brionne,,Water,Pop Star Pokemon,2.00,17.5 ,420,60,69,69,91,81,50
730,Primarina,,"Water, Fairy",Soloist Pokemon,5.11,44.0 ,530,80,74,74,126,116,60
731,Pikipek,,"Normal, Flying",Woodpecker Pokemon,1.00,1.2 ,265,35,75,30,30,30,65
732,Trumbeak,,"Normal, Flying",Bugle Beak Pokemon,2.00,14.8 ,355,55,85,50,40,50,75
733,Toucannon,,"Normal, Flying",Cannon Pokemon,3.07,26.0 ,485,80,120,75,75,75,60
734,Yungoos,,Normal,Loitering Pokemon,1.04,6.0 ,253,48,70,30,30,30,45
735,Gumshoos,,Normal,Stakeout Pokemon,2.04,14.2 ,418,88,110,60,55,60,45
736,Grubbin,,Bug,Larva Pokemon,1.04,4.4 ,300,47,62,45,55,45,46
737,Charjabug,,"Bug, Electric",Battery Pokemon,1.08,10.5 ,400,57,82,95,55,75,36
738,Vikavolt,,"Bug, Electric",Stag Beetle Pokemon,4.11,45.0 ,500,77,70,90,145,75,43
739,Crabrawler,,Fighting,Boxing Pokemon,2.00,7.0 ,338,47,82,57,42,47,63
740,Crabominable,,"Fighting, Ice",Woolly Crab Pokemon,5.07,180.0 ,478,97,132,77,62,67,43
741,Oricorio,Baile Style,"Fire, Flying",Dancing Pokemon,2.00,3.4 ,476,75,70,70,98,70,93
741,Oricorio,Pom-Pom Style,"Electric, Flying",Dancing Pokemon,2.00,3.4 ,476,75,70,70,98,70,93
741,Oricorio,Pa'u Style,"Psychic, Flying",Dancing Pokemon,2.00,3.4 ,476,75,70,70,98,70,93
741,Oricorio,Sensu Style,"Ghost, Flying",Dancing Pokemon,2.00,3.4 ,476,75,70,70,98,70,93
742,Cutiefly,,"Bug, Fairy",Bee Fly Pokemon,0.04,0.2 ,304,40,45,40,55,40,84
743,Ribombee,,"Bug, Fairy",Bee Fly Pokemon,0.08,0.5 ,464,60,55,60,95,70,124
744,Rockruff,,Rock,Puppy Pokemon,1.08,9.2 ,280,45,65,40,30,40,60
744,Rockruff,Own Tempo Rockruff,Rock,Puppy Pokemon,1.08,9.2 ,280,45,65,40,30,40,60
745,Lycanroc,Midday Form,Rock,Wolf Pokemon,2.07,25.0 ,487,75,115,65,55,65,112
745,Lycanroc,Midnight Form,Rock,Wolf Pokemon,2.07,25.0 ,487,85,115,75,55,75,82
745,Lycanroc,Dusk Form,Rock,Wolf Pokemon,2.07,25.0 ,487,75,117,65,55,65,110
746,Wishiwashi,Solo Form,Water,Small Fry Pokemon,0.08,0.3 ,175,45,20,20,25,25,40
746,Wishiwashi,School Form,Water,Small Fry Pokemon,0.08,0.3 ,620,45,140,130,140,135,30
747,Mareanie,,"Poison, Water",Brutal Star Pokemon,1.04,8.0 ,305,50,53,62,43,52,45
748,Toxapex,,"Poison, Water",Brutal Star Pokemon,2.04,14.5 ,495,50,63,152,53,142,35
749,Mudbray,,Ground,Donkey Pokemon,3.03,110.0 ,385,70,100,70,45,55,45
750,Mudsdale,,Ground,Draft Horse Pokemon,8.02,920.0 ,500,100,125,100,55,85,35
751,Dewpider,,"Water, Bug",Water Bubble Pokemon,1.00,4.0 ,269,38,40,52,40,72,27
752,Araquanid,,"Water, Bug",Water Bubble Pokemon,5.11,82.0 ,454,68,70,92,50,132,42
753,Fomantis,,Grass,Sickle Grass Pokemon,1.00,1.5 ,250,40,55,35,50,35,35
754,Lurantis,,Grass,Bloom Sickle Pokemon,2.11,18.5 ,480,70,105,90,80,90,45
755,Morelull,,"Grass, Fairy",Illuminating Pokemon,0.08,1.5 ,285,40,35,55,65,75,15
756,Shiinotic,,"Grass, Fairy",Illuminating Pokemon,3.03,11.5 ,405,60,45,80,90,100,30
757,Salandit,,"Poison, Fire",Toxic Lizard Pokemon,2.00,4.8 ,320,48,44,40,71,40,77
758,Salazzle,,"Poison, Fire",Toxic Lizard Pokemon,3.11,22.2 ,480,68,64,60,111,60,117
759,Stufful,,"Normal, Fighting",Flailing Pokemon,1.08,6.8 ,340,70,75,50,45,50,50
760,Bewear,,"Normal, Fighting",Strong Arm Pokemon,6.11,135.0 ,500,120,125,80,55,60,60
761,Bounsweet,,Grass,Fruit Pokemon,1.00,3.2 ,210,42,30,38,30,38,32
762,Steenee,,Grass,Fruit Pokemon,2.04,8.2 ,290,52,40,48,40,48,62
763,Tsareena,,Grass,Fruit Pokemon,3.11,21.4 ,510,72,120,98,50,98,72
764,Comfey,,Fairy,Posy Picker Pokemon,0.04,0.3 ,485,51,52,90,82,110,100
765,Oranguru,,"Normal, Psychic",Sage Pokemon,4.11,76.0 ,490,90,60,80,90,110,60
766,Passimian,,Fighting,Teamwork Pokemon,6.07,82.8 ,490,100,120,90,40,60,80
767,Wimpod,,"Bug, Water",Turn Tail Pokemon,1.08,12.0 ,230,25,35,40,20,30,80
768,Golisopod,,"Bug, Water",Hard Scale Pokemon,6.07,108.0 ,530,75,125,140,60,90,40
769,Sandygast,,"Ghost, Ground",Sand Heap Pokemon,1.08,70.0 ,320,55,55,80,70,45,15
770,Palossand,,"Ghost, Ground",Sand Castle Pokemon,4.03,250.0 ,480,85,75,110,100,75,35
771,Pyukumuku,,Water,Sea Cucumber Pokemon,1.00,1.2 ,410,55,60,130,30,130,5
772,Type: Null,,Normal,Synthetic Pokemon,6.03,120.5 ,534,95,95,95,95,95,59
773,Silvally,,Normal,Synthetic Pokemon,7.07,100.5 ,570,95,95,95,95,95,95
774,Minior,Meteor Form,"Rock, Flying",Meteor Pokemon,1.00,40.0 ,440,60,60,100,60,100,60
774,Minior,Core Form,"Rock, Flying",Meteor Pokemon,1.00,40.0 ,500,60,100,60,100,60,120
775,Komala,,Normal,Drowsing Pokemon,1.04,19.9 ,480,65,115,65,75,95,65
776,Turtonator,,"Fire, Dragon",Blast Turtle Pokemon,6.07,212.0 ,485,60,78,135,91,85,36
777,Togedemaru,,"Electric, Steel",Roly-Poly Pokemon,1.00,3.3 ,435,65,98,63,40,73,96
778,Mimikyu,,"Ghost, Fairy",Disguise Pokemon,0.08,0.7 ,476,55,90,80,50,105,96
779,Bruxish,,"Water, Psychic",Gnash Teeth Pokemon,2.11,19.0 ,475,68,105,70,70,70,92
780,Drampa,,"Normal, Dragon",Placid Pokemon,9.10,185.0 ,485,78,60,85,135,91,36
781,Dhelmise,,"Ghost, Grass",Sea Creeper Pokemon,12.10,210.0 ,517,70,131,100,86,90,40
782,Jangmo-o,,Dragon,Scaly Pokemon,2.00,29.7 ,300,45,55,65,45,45,45
783,Hakamo-o,,"Dragon, Fighting",Scaly Pokemon,3.11,47.0 ,420,55,75,90,65,70,65
784,Kommo-o,,"Dragon, Fighting",Scaly Pokemon,5.03,78.2 ,600,75,110,125,100,105,85
785,Tapu Koko,,"Electric, Fairy",Land Spirit Pokemon,5.11,20.5 ,570,70,115,85,95,75,130
786,Tapu Lele,,"Psychic, Fairy",Land Spirit Pokemon,3.11,18.6 ,570,70,85,75,130,115,95
787,Tapu Bulu,,"Grass, Fairy",Land Spirit Pokemon,6.03,45.5 ,570,70,130,115,85,95,75
788,Tapu Fini,,"Water, Fairy",Land Spirit Pokemon,4.03,21.2 ,570,70,75,115,95,130,85
789,Cosmog,,Psychic,Nebula Pokemon,0.08,0.1 ,200,43,29,31,29,31,37
790,Cosmoem,,Psychic,Protostar Pokemon,0.04,999.9 ,400,43,29,131,29,131,37
791,Solgaleo,,"Psychic, Steel",Sunne Pokemon,11.02,230.0 ,680,137,137,107,113,89,97
792,Lunala,,"Psychic, Ghost",Moone Pokemon,13.01,120.0 ,680,137,113,89,137,107,97
793,Nihilego,,"Rock, Poison",Parasite Pokemon,3.11,55.5 ,570,109,53,47,127,131,103
794,Buzzwole,,"Bug, Fighting",Swollen Pokemon,7.10,333.6 ,570,107,139,139,53,53,79
795,Pheromosa,,"Bug, Fighting",Lissome Pokemon,5.11,25.0 ,570,71,137,37,137,37,151
796,Xurkitree,,Electric,Glowing Pokemon,12.06,100.0 ,570,83,89,71,173,71,83
797,Celesteela,,"Steel, Flying",Launch Pokemon,30.02,999.9 ,570,97,101,103,107,101,61
798,Kartana,,"Grass, Steel",Drawn Sword Pokemon,1.00,0.1 ,570,59,181,131,59,31,109
799,Guzzlord,,"Dark, Dragon",Junkivore Pokemon,18.01,888.0 ,570,223,101,53,97,53,43
800,Necrozma,,Psychic,Prism Pokemon,7.10,230.0 ,600,97,107,101,127,89,79
800,Necrozma,Dusk Mane Necrozma,"Psychic, Steel",Prism Pokemon,7.10,230.0 ,680,97,157,127,113,109,77
800,Necrozma,Dawn Wings Necrozma,"Psychic, Ghost",Prism Pokemon,7.10,230.0 ,680,97,113,109,157,127,77
800,Necrozma,Ultra Necrozma,"Psychic, Dragon",Prism Pokemon,7.10,230.0 ,754,97,167,97,167,97,129
801,Magearna,,"Steel, Fairy",Artificial Pokemon,3.03,80.5 ,600,80,95,115,130,115,65
802,Marshadow,,"Fighting, Ghost",Gloomdweller Pokemon,2.04,22.2 ,600,90,125,80,90,90,125
803,Poipole,,Poison,Poison Pin Pokemon,2.00,1.8 ,420,67,73,67,73,67,73
804,Naganadel,,"Poison, Dragon",Poison Pin Pokemon,11.10,150.0 ,540,73,73,73,127,73,121
805,Stakataka,,"Rock, Steel",Rampart Pokemon,18.01,820.0 ,570,61,131,211,53,101,13
806,Blacephalon,,"Fire, Ghost",Fireworks Pokemon,5.11,13.0 ,570,53,127,53,151,79,107
807,Zeraora,,Electric,Thunderclap Pokemon,4.11,44.5 ,600,88,112,75,102,80,143
808,Meltan,,Steel,Hex Nut Pokemon,0.08,8.0 ,300,46,65,65,55,35,34
809,Melmetal,,Steel,Hex Nut Pokemon,8.02,800.0 ,600,135,143,143,80,65,34
810,Grookey,,Grass,Chimp Pokemon,1.00,5.0 ,310,50,65,50,40,40,65
811,Thwackey,,Grass,Beat Pokemon,2.04,14.0 ,420,70,85,70,55,60,80
812,Rillaboom,,Grass,Drummer Pokemon,6.11,90.0 ,530,100,125,90,60,70,85
813,Scorbunny,,Fire,Rabbit Pokemon,1.00,4.5 ,310,50,71,40,40,40,69
814,Raboot,,Fire,Rabbit Pokemon,2.00,9.0 ,420,65,86,60,55,60,94
815,Cinderace,,Fire,Striker Pokemon,4.07,33.0 ,530,80,116,75,65,75,119
816,Sobble,,Water,Water Lizard Pokemon,1.00,4.0 ,310,50,40,40,70,40,70
817,Drizzile,,Water,Water lizard Pokemon,2.04,11.5 ,420,65,60,55,95,55,90
818,Inteleon,,Water,Secret Agent Pokemon,6.03,45.2 ,530,70,85,65,125,65,120
819,Skwovet,,Normal,Cheeky Pokemon,1.00,2.5 ,275,70,55,55,35,35,25
820,Greedent,,Normal,Greedy Pokemon,2.00,6.0 ,460,120,95,95,55,75,20
821,Rookidee,,Flying,Tiny Bird Pokemon,0.08,1.8 ,245,38,47,35,33,35,57
822,Corvisquire,,Flying,Raven Pokemon,2.07,16.0 ,365,68,67,55,43,55,77
823,Corviknight,,"Flying, Steel",Raven Pokemon,7.03,75.0 ,495,98,87,105,53,85,67
824,Blipbug,,Bug,Larva Pokemon,1.04,8.0 ,180,25,20,20,25,45,45
825,Dottler,,"Bug, Psychic",Radome Pokemon,1.04,19.5 ,335,50,35,80,50,90,30
826,Orbeetle,,"Bug, Psychic",Seven Spot Pokemon,1.04,40.8 ,505,60,45,110,80,120,90
827,Nickit,,Dark,Fox Pokemon,2.00,8.9 ,245,40,28,28,47,52,50
828,Thievul,,Dark,Fox Pokemon,3.11,19.9 ,455,70,58,58,87,92,90
829,Gossifleur,,Grass,Flowering Pokemon,1.04,2.2 ,250,40,40,60,40,60,10
830,Eldegoss,,Grass,Cotton Bloom Pokemon,1.08,2.5 ,460,60,50,90,80,120,60
831,Wooloo,,Normal,Sheep Pokemon,2.00,6.0 ,270,42,40,55,40,45,48
832,Dubwool,,Normal,Sheep Pokemon,4.03,43.0 ,490,72,80,100,60,90,88
833,Chewtle,,Water,Snapping Pokemon,1.00,8.5 ,284,50,64,50,38,38,44
834,Drednaw,,"Water, Rock",Bite Pokemon,3.03,115.5 ,485,90,115,90,48,68,74
835,Yamper,,Electric,Puppy Pokemon,1.00,13.5 ,270,59,45,50,40,50,26
836,Boltund,,Electric,Dog Pokemon,3.03,34.0 ,490,69,90,60,90,60,121
837,Rolycoly,,Rock,Coal Pokemon,1.00,12.0 ,240,30,40,50,40,50,30
838,Carkol,,"Rock, Fire",Coal Pokemon,3.07,78.0 ,410,80,60,90,60,70,50
839,Coalossal,,"Rock, Fire",Coal Pokemon,9.02,310.5 ,510,110,80,120,80,90,30
840,Applin,,"Grass, Dragon",Apple Core Pokemon,0.08,0.5 ,260,40,40,80,40,40,20
841,Flapple,,"Grass, Dragon",Apple Wing Pokemon,1.00,1.0 ,485,70,110,80,95,60,70
842,Appletun,,"Grass, Dragon",Apple Nectar Pokemon,1.04,13.0 ,485,110,85,80,100,80,30
843,Silicobra,,Ground,Sand Snake Pokemon,7.03,7.6 ,315,52,57,75,35,50,46
844,Sandaconda,,Ground,Sand Snake Pokemon,12.06,65.5 ,510,72,107,125,65,70,71
845,Cramorant,,"Flying, Water",Gulp Pokemon,2.07,18.0 ,475,70,85,55,85,95,85
846,Arrokuda,,Water,Rush Pokemon,1.08,1.0 ,280,41,63,40,40,30,66
847,Barraskewda,,Water,Skewer Pokemon,4.03,30.0 ,490,61,123,60,60,50,136
848,Toxel,,"Electric, Poison",Baby Pokemon,1.04,11.0 ,242,40,38,35,54,35,40
849,Toxtricity,Amped Form,"Electric, Poison",Punk Pokemon,5.03,40.0 ,502,75,98,70,114,70,75
849,Toxtricity,Low Key Form,"Electric, Poison",Punk Pokemon,5.03,40.0 ,502,75,98,70,114,70,75
850,Sizzlipede,,"Fire, Bug",Radiator Pokemon,2.04,1.0 ,305,50,65,45,50,50,45
851,Centiskorch,,"Fire, Bug",Radiator Pokemon,9.10,120.0 ,525,100,115,65,90,90,65
852,Clobbopus,,Fighting,Tantrum Pokemon,2.00,4.0 ,310,50,68,60,50,50,32
853,Grapploct,,Fighting,Tantrum Pokemon,5.03,39.0 ,480,80,118,90,70,80,42
854,Sinistea,,Ghost,Black Tea Pokemon,0.04,0.2 ,308,40,45,45,74,54,50
855,Polteageist,,Ghost,Black Tea Pokemon,0.08,0.4 ,508,60,65,65,134,114,70
856,Hatenna,,Psychic,Calm Pokemon,1.04,3.4 ,265,42,30,45,56,53,39
857,Hattrem,,Psychic,Serene Pokemon,2.00,4.8 ,370,57,40,65,86,73,49
858,Hatterene,,"Psychic, Fairy",Silent Pokemon,6.11,5.1 ,510,57,90,95,136,103,29
859,Impidimp,,"Dark, Fairy",Wily Pokemon,1.04,5.5 ,265,45,45,30,55,40,50
860,Morgrem,,"Dark, Fairy",Devious Pokemon,2.07,12.5 ,370,65,60,45,75,55,70
861,Grimmsnarl,,"Dark, Fairy",Bulk Up Pokemon,4.11,61.0 ,510,95,120,65,95,75,60
862,Obstagoon,,"Dark, Normal",Blocking Pokemon,5.03,46.0 ,520,93,90,101,60,81,95
863,Perrserker,,Steel,Viking Pokemon,2.07,28.0 ,440,70,110,100,50,60,50
864,Cursola,,Ghost,Coral Pokemon,3.03,0.4 ,510,60,95,50,145,130,30
865,Sirfetch'd,,Fighting,Wild Duck Pokemon,2.07,117.0 ,507,62,135,95,68,82,65
866,Mr. Rime,,"Ice, Psychic",Comedian Pokemon,4.11,58.2 ,520,80,85,75,110,100,70
867,Runerigus,,"Ground, Ghost",Grudge Pokemon,5.03,66.6 ,483,58,95,145,50,105,30
868,Milcery,,Fairy,Cream Pokemon,0.08,0.3 ,270,45,40,40,50,61,34
869,Alcremie,,Fairy,Cream Pokemon,1.00,0.5 ,495,65,60,75,110,121,64
870,Falinks,,Fighting,Formation Pokemon,9.10,62.0 ,470,65,100,100,70,60,75
871,Pincurchin,,Electric,Sea Urchin Pokemon,1.00,1.0 ,435,48,101,95,91,85,15
872,Snom,,"Ice, Bug",Worm Pokemon,1.00,3.8 ,185,30,25,35,45,30,20
873,Frosmoth,,"Ice, Bug",Frost Moth Pokemon,4.03,42.0 ,475,70,65,60,125,90,65
874,Stonjourner,,Rock,Big Rock Pokemon,8.02,520.0 ,470,100,125,135,20,20,70
875,Eiscue,Ice Face,Ice,Penguin Pokemon,4.07,89.0 ,470,75,80,110,65,90,50
875,Eiscue,Noice Face,Ice,Penguin Pokemon,4.07,89.0 ,470,75,80,70,65,50,130
876,Indeedee,Male,"Psychic, Normal",Emotion Pokemon,2.11,28.0 ,475,60,65,55,105,95,95
876,Indeedee,Female,"Psychic, Normal",Emotion Pokemon,2.11,28.0 ,475,70,55,65,95,105,85
877,Morpeko,Full Belly Mode,"Electric, Dark",Two-Sided Pokemon,1.00,3.0 ,436,58,95,58,70,58,97
877,Morpeko,Hangry Mode,"Electric, Dark",Two-Sided Pokemon,1.00,3.0 ,436,58,95,58,70,58,97
878,Cufant,,Steel,Copperderm Pokemon,3.11,100.0 ,330,72,80,49,40,49,40
879,Copperajah,,Steel,Copperderm Pokemon,9.10,650.0 ,500,122,130,69,80,69,30
880,Dracozolt,,"Electric, Dragon",Fossil Pokemon,5.11,190.0 ,505,90,100,90,80,70,75
881,Arctozolt,,"Electric, Ice",Fossil Pokemon,7.07,150.0 ,505,90,100,90,90,80,55
882,Dracovish,,"Water, Dragon",Fossil Pokemon,7.07,215.0 ,505,90,90,100,70,80,75
883,Arctovish,,"Water, Ice",Fossil Pokemon,6.07,175.0 ,505,90,90,100,80,90,55
884,Duraludon,,"Steel, Dragon",Alloy Pokemon,5.11,40.0 ,535,70,95,115,120,50,85
885,Dreepy,,"Dragon, Ghost",Lingering Pokemon,1.08,2.0 ,270,28,60,30,40,30,82
886,Drakloak,,"Dragon, Ghost",Caretaker Pokemon,4.07,11.0 ,410,68,80,50,60,50,102
887,Dragapult,,"Dragon, Ghost",Stealth Pokemon,9.10,50.0 ,600,88,120,75,100,75,142
888,Zacian,Hero of Many Battles,Fairy,Warrior Pokemon,9.02,110.0 ,660,92,120,115,80,115,138
888,Zacian,Crowned Sword,"Fairy, Steel",Warrior Pokemon,9.02,110.0 ,700,92,150,115,80,115,148
889,Zamazenta,Hero of Many Battles,Fighting,Warrior Pokemon,9.06,210.0 ,660,92,120,115,80,115,138
889,Zamazenta,Crowned Shield,"Fighting, Steel",Warrior Pokemon,9.06,210.0 ,700,92,120,140,80,140,128
890,Eternatus,,"Poison, Dragon",Gigantic Pokemon,65.07,950.0 ,690,140,85,95,145,95,130
890,Eternatus,Eternamax,"Poison, Dragon",Gigantic Pokemon,65.07,950.0 ,1125,255,115,250,125,250,130
891,Kubfu,,Fighting,Wushu Pokemon,2.00,12.0 ,385,60,90,60,53,50,72
892,Urshifu,Single Strike Style,"Fighting, Dark",Wushu Pokemon,6.03,105.0 ,550,100,130,100,63,60,97
892,Urshifu,Rapid Strike Style,"Fighting, Water",Wushu Pokemon,6.03,105.0 ,550,100,130,100,63,60,97
893,Zarude,,"Dark, Grass",Rogue Monkey Pokemon,5.11,70.0 ,600,105,120,105,70,95,105
894,Regieleki,,Electric,Electron Pokemon,3.11,145.0 ,580,80,100,50,100,50,200
895,Regidrago,,Dragon,Dragon Orb Pokemon,6.11,200.0 ,580,200,100,50,100,50,80
896,Glastrier,,Ice,Wild Horse Pokemon,7.03,800.0 ,580,100,145,130,65,110,30
897,Spectrier,,Ghost,Swift Horse Pokemon,6.07,44.5 ,580,100,65,60,145,80,130
898,Calyrex,,"Psychic, Grass",King Pokemon,3.07,7.7 ,500,100,80,80,80,80,80
898,Calyrex,Ice Rider,"Psychic, Ice",King Pokemon,3.07,7.7 ,680,100,165,150,85,130,50
898,Calyrex,Shadow Rider,"Psychic, Ghost",King Pokemon,3.07,7.7 ,680,100,85,80,165,100,150
899,Wyrdeer,,"Normal, Psychic",Big Horn Pokemon,5.11,95.1 ,525,103,105,72,105,75,65
900,Kleavor,,"Bug, Rock",Axe Pokemon,5.11,89.0 ,500,70,135,95,45,70,85
901,Ursaluna,,"Ground, Normal",Peat Pokemon,7.10,290.0 ,550,130,140,105,45,80,50
901,Ursaluna,Bloodmoon,"Ground, Normal",Peat Pokemon,7.10,290.0 ,555,113,70,120,135,65,52
902,Basculegion,Male,"Water, Ghost",Big Fish Pokemon,9.10,110.0 ,530,120,112,65,80,75,78
902,Basculegion,Female,"Water, Ghost",Big Fish Pokemon,9.10,110.0 ,530,120,92,65,100,75,78
903,Sneasler,,"Fighting, Poison",Free Climb Pokemon,4.03,43.0 ,510,80,130,60,40,80,120
904,Overqwil,,"Dark, Poison",Pin Cluster Pokemon,8.02,60.5 ,510,85,115,95,65,65,85
905,Enamorus,Incarnate Forme,"Fairy, Flying",Love-Hate Pokemon,5.03,48.0 ,580,74,115,70,135,80,106
905,Enamorus,Therian Forme,"Fairy, Flying",Love-Hate Pokemon,5.03,48.0 ,580,74,115,110,135,100,46
906,Sprigatito,,Grass,Grass Cat Pokemon,1.04,4.1 ,310,40,61,54,45,45,65
907,Floragato,,Grass,Grass Cat Pokemon,2.11,12.2 ,410,61,80,63,60,63,83
908,Meowscarada,,"Grass, Dark",Magician Pokemon,4.11,31.2 ,530,76,110,70,81,70,123
909,Fuecoco,,Fire,Fire Croc Pokemon,1.04,9.8 ,310,67,45,59,63,40,36
910,Crocalor,,Fire,Fire Croc Pokemon,3.03,30.7 ,411,81,55,78,90,58,49
911,Skeledirge,,"Fire, Ghost",Singer Pokemon,5.03,326.5 ,530,104,75,100,110,75,66
912,Quaxly,,Water,Duckling Pokemon,1.08,6.1 ,310,55,65,45,50,45,50
913,Quaxwell,,Water,Practicing Pokemon,3.11,21.5 ,410,70,85,65,65,60,65
914,Quaquaval,,"Water, Fighting",Dancer Pokemon,5.11,61.9 ,530,85,120,80,85,75,85
915,Lechonk,,Normal,Hog Pokemon,1.08,10.2 ,254,54,45,40,35,45,35
916,Oinkologne,Male,Normal,Hog Pokemon,3.03,120.0 ,489,110,100,75,59,80,65
916,Oinkologne,Female,Normal,Hog Pokemon,3.03,120.0 ,489,115,90,70,59,90,65
917,Tarountula,,Bug,String Ball Pokemon,1.00,4.0 ,210,35,41,45,29,40,20
918,Spidops,,Bug,Trap Pokemon,3.03,16.5 ,404,60,79,92,52,86,35
919,Nymble,,Bug,Grasshopper Pokemon,0.08,1.0 ,210,33,46,40,21,25,45
920,Lokix,,"Bug, Dark",Grasshopper Pokemon,3.03,17.5 ,450,71,102,78,52,55,92
921,Pawmi,,Electric,Mouse Pokemon,1.00,2.5 ,240,45,50,20,40,25,60
922,Pawmo,,"Electric, Fighting",Mouse Pokemon,1.04,6.5 ,350,60,75,40,50,40,85
923,Pawmot,,"Electric, Fighting",Hands-On Pokemon,2.11,41.0 ,490,70,115,70,70,60,105
924,Tandemaus,,Normal,Couple Pokemon,1.00,1.8 ,305,50,50,45,40,45,75
925,Maushold,Family of Four,Normal,Family Pokemon,1.00,2.8 ,470,74,75,70,65,75,111
925,Maushold,Family of Three,Normal,Family Pokemon,1.00,2.8 ,470,74,75,70,65,75,111
926,Fidough,,Fairy,Puppy Pokemon,1.00,10.9 ,312,37,55,70,30,55,65
927,Dachsbun,,Fairy,Dog Pokemon,1.08,14.9 ,477,57,80,115,50,80,95
928,Smoliv,,"Grass, Normal",Olive Pokemon,1.00,6.5 ,260,41,35,45,58,51,30
929,Dolliv,,"Grass, Normal",Olive Pokemon,2.00,11.9 ,354,52,53,60,78,78,33
930,Arboliva,,"Grass, Normal",Olive Pokemon,4.07,48.2 ,510,78,69,90,125,109,39
931,Squawkabilly,Green Plumage,"Normal, Flying",Parrot Pokemon,2.00,2.4 ,417,82,96,51,45,51,92
931,Squawkabilly,Blue Plumage,"Normal, Flying",Parrot Pokemon,2.00,2.4 ,417,82,96,51,45,51,92
931,Squawkabilly,Yellow Plumage,"Normal, Flying",Parrot Pokemon,2.00,2.4 ,417,82,96,51,45,51,92
931,Squawkabilly,White Plumage,"Normal, Flying",Parrot Pokemon,2.00,2.4 ,417,82,96,51,45,51,92
932,Nacli,,Rock,Rock Salt Pokemon,1.04,16.0 ,280,55,55,75,35,35,25
933,Naclstack,,Rock,Rock Salt Pokemon,2.00,105.0 ,355,60,60,100,35,65,35
934,Garganacl,,Rock,Rock Salt Pokemon,7.07,240.0 ,500,100,100,130,45,90,35
935,Charcadet,,Fire,Fire Child Pokemon,2.00,10.5 ,255,40,50,40,50,40,35
936,Armarouge,,"Fire, Psychic",Fire Warrior Pokemon,4.11,85.0 ,525,85,60,100,125,80,75
937,Ceruledge,,"Fire, Ghost",Fire Blades Pokemon,5.03,62.0 ,525,75,125,80,60,100,85
938,Tadbulb,,Electric,EleTadpole Pokemon,1.00,0.4 ,272,61,31,41,59,35,45
939,Bellibolt,,Electric,EleFrog Pokemon,3.11,113.0 ,495,109,64,91,103,83,45
940,Wattrel,,"Electric, Flying",Storm Petrel Pokemon,1.04,3.6 ,280,40,40,35,55,40,70
941,Kilowattrel,,"Electric, Flying",Frigatebird Pokemon,4.07,38.6 ,490,70,70,60,105,60,125
942,Maschiff,,Dark,Rascal Pokemon,1.08,16.0 ,340,60,78,60,40,51,51
943,Mabosstiff,,Dark,Boss Pokemon,3.07,61.0 ,505,80,120,90,60,70,85
944,Shroodle,,"Poison, Normal",Toxic Mouse Pokemon,0.08,0.7 ,290,40,65,35,40,35,75
945,Grafaiai,,"Poison, Normal",Toxic Monkey Pokemon,2.04,27.2 ,485,63,95,65,80,72,110
946,Bramblin,,"Grass, Ghost",Tumbleweed Pokemon,2.00,0.6 ,275,40,65,30,45,35,60
947,Brambleghast,,"Grass, Ghost",Tumbleweed Pokemon,3.11,6.0 ,480,55,115,70,80,70,90
948,Toedscool,,"Ground, Grass",Woodear Pokemon,2.11,33.0 ,335,40,40,35,50,100,70
949,Toedscruel,,"Ground, Grass",Woodear Pokemon,6.03,58.0 ,515,80,70,65,80,120,100
950,Klawf,,Rock,Ambush Pokemon,4.03,79.0 ,450,70,100,115,35,55,75
951,Capsakid,,Grass,Spicy Pepper Pokemon,1.00,3.0 ,304,50,62,40,62,40,50
952,Scovillain,,"Grass, Fire",Spicy Pepper Pokemon,2.11,15.0 ,486,65,108,65,108,65,75
953,Rellor,,Bug,Rolling Pokemon,0.08,1.0 ,270,41,50,60,31,58,30
954,Rabsca,,"Bug, Psychic",Rolling Pokemon,1.00,3.5 ,470,75,50,85,115,100,45
955,Flittle,,Psychic,Frill Pokemon,0.08,1.5 ,255,30,35,30,55,30,75
956,Espathra,,Psychic,Ostrich Pokemon,6.03,90.0 ,481,95,60,60,101,60,105
957,Tinkatink,,"Fairy, Steel",Metalsmith Pokemon,1.04,8.9 ,297,50,45,45,35,64,58
958,Tinkatuff,,"Fairy, Steel",Hammer Pokemon,2.04,59.1 ,380,65,55,55,45,82,78
959,Tinkaton,,"Fairy, Steel",Hammer Pokemon,2.04,112.8 ,506,85,75,77,70,105,94
960,Wiglett,,Water,Garden Eel Pokemon,3.11,1.8 ,245,10,55,25,35,25,95
961,Wugtrio,,Water,Garden Eel Pokemon,3.11,5.4 ,425,35,100,50,50,70,120
962,Bombirdier,,"Flying, Dark",Item Drop Pokemon,4.11,42.9 ,485,70,103,85,60,85,82
963,Finizen,,Water,Dolphin Pokemon,4.03,60.2 ,315,70,45,40,45,40,75
964,Palafin,Zero Form,Water,Dolphin Pokemon,4.03,60.2 ,457,100,70,72,53,62,100
964,Palafin,Hero Form,Water,Dolphin Pokemon,4.03,60.2 ,650,100,160,97,106,87,100
965,Varoom,,"Steel, Poison",Single-Cyl Pokemon,3.03,35.0 ,300,45,70,63,30,45,47
966,Revavroom,,"Steel, Poison",Multi-Cyl Pokemon,5.11,120.0 ,500,80,119,90,54,67,90
967,Cyclizar,,"Dragon, Normal",Mount Pokemon,5.03,63.0 ,501,70,95,65,85,65,121
968,Orthworm,,Steel,Earthworm Pokemon,8.02,310.0 ,480,70,85,145,60,55,65
969,Glimmet,,"Rock, Poison",Ore Pokemon,2.04,8.0 ,350,48,35,42,105,60,60
970,Glimmora,,"Rock, Poison",Ore Pokemon,4.11,45.0 ,525,83,55,90,130,81,86
971,Greavard,,Ghost,Ghost Dog Pokemon,2.00,35.0 ,290,50,61,60,30,55,34
972,Houndstone,,Ghost,Ghost Dog Pokemon,6.07,15.0 ,488,72,101,100,50,97,68
973,Flamigo,,"Flying, Fighting",Synchronize Pokemon,5.03,37.0 ,500,82,115,74,75,64,90
974,Cetoddle,,Ice,Terra Whale Pokemon,3.11,45.0 ,334,108,68,45,30,40,43
975,Cetitan,,Ice,Terra Whale Pokemon,14.09,700.0 ,521,170,113,65,45,55,73
976,Veluza,,"Water, Psychic",Jettison Pokemon,8.02,90.0 ,478,90,102,73,78,65,70
977,Dondozo,,Water,Big Catfish Pokemon,39.04,220.0 ,530,150,100,115,65,65,35
978,Tatsugiri,Curly Form,"Dragon, Water",Mimicry Pokemon,1.00,8.0 ,475,68,50,60,120,95,82
978,Tatsugiri,Droopy Form,"Dragon, Water",Mimicry Pokemon,1.00,8.0 ,475,68,50,60,120,95,82
978,Tatsugiri,Stretchy Form,"Dragon, Water",Mimicry Pokemon,1.00,8.0 ,475,68,50,60,120,95,82
979,Annihilape,,"Fighting, Ghost",Rage Monkey Pokemon,3.11,56.0 ,535,110,115,80,50,90,90
980,Clodsire,,"Poison, Ground",Spiny Fish Pokemon,5.11,223.0 ,430,130,75,60,45,100,20
981,Farigiraf,,"Normal, Psychic",Long Neck Pokemon,10.06,160.0 ,520,120,90,70,110,70,60
982,Dudunsparce,Two-Segment Form,Normal,Land Snake Pokemon,11.10,39.2 ,520,125,100,80,85,75,55
982,Dudunsparce,Three-Segment Form,Normal,Land Snake Pokemon,11.10,39.2 ,520,125,100,80,85,75,55
983,Kingambit,,"Dark, Steel",Big Blade Pokemon,6.07,120.0 ,550,100,135,120,60,85,50
984,Great Tusk,,"Ground, Fighting",Paradox Pokemon,7.03,320.0 ,570,115,131,131,53,53,87
985,Scream Tail,,"Fairy, Psychic",Paradox Pokemon,3.11,8.0 ,570,115,65,99,65,115,111
986,Brute Bonnet,,"Grass, Dark",Paradox Pokemon,3.11,21.0 ,570,111,127,99,79,99,55
987,Flutter Mane,,"Ghost, Fairy",Paradox Pokemon,4.07,4.0 ,570,55,55,55,135,135,135
988,Slither Wing,,"Bug, Fighting",Paradox Pokemon,10.06,92.0 ,570,85,135,79,85,105,81
989,Sandy Shocks,,"Electric, Ground",Paradox Pokemon,7.07,60.0 ,570,85,81,97,121,85,101
990,Iron Treads,,"Ground, Steel",Paradox Pokemon,2.11,240.0 ,570,90,112,120,72,70,106
991,Iron Bundle,,"Ice, Water",Paradox Pokemon,2.00,11.0 ,570,56,80,114,124,60,136
992,Iron Hands,,"Fighting, Electric",Paradox Pokemon,5.11,380.7 ,570,154,140,108,50,68,50
993,Iron Jugulis,,"Dark, Flying",Paradox Pokemon,4.03,111.0 ,570,94,80,86,122,80,108
994,Iron Moth,,"Fire, Poison",Paradox Pokemon,3.11,36.0 ,570,80,70,60,140,110,110
995,Iron Thorns,,"Rock, Electric",Paradox Pokemon,5.03,303.0 ,570,100,134,110,70,84,72
996,Frigibax,,"Dragon, Ice",Ice Fin Pokemon,1.08,17.0 ,320,65,75,45,35,45,55
997,Arctibax,,"Dragon, Ice",Ice Fin Pokemon,2.07,30.0 ,423,90,95,66,45,65,62
998,Baxcalibur,,"Dragon, Ice",Ice Dragon Pokemon,6.11,210.0 ,600,115,145,92,75,86,87
999,Gimmighoul,Chest Form,Ghost,Coin Chest Pokemon,1.00,5.0 ,300,45,30,70,75,70,10
999,Gimmighoul,Roaming Form,Ghost,Coin Chest Pokemon,1.00,5.0 ,300,45,30,25,75,45,80
1000,Gholdengo,,"Steel, Ghost",Coin Entity Pokemon,3.11,30.0 ,550,87,60,95,133,91,84
1001,Wo-Chien,,"Dark, Grass",Ruinous Pokemon,4.11,74.2 ,570,85,85,100,95,135,70
1002,Chien-Pao,,"Dark, Ice",Ruinous Pokemon,6.03,152.2 ,570,80,120,80,90,65,135
1003,Ting-Lu,,"Dark, Ground",Ruinous Pokemon,8.10,699.7 ,570,155,110,125,55,80,45
1004,Chi-Yu,,"Dark, Fire",Ruinous Pokemon,1.04,4.9 ,570,55,80,80,135,120,100
1005,Roaring Moon,,"Dragon, Dark",Paradox Pokemon,6.07,380.0 ,590,105,139,71,55,101,119
1006,Iron Valiant,,"Fairy, Fighting",Paradox Pokemon,4.07,35.0 ,590,74,130,90,120,60,116
1007,Koraidon,,"Fighting, Dragon",Paradox Pokemon,8.02,303.0 ,670,100,135,115,85,100,135
1008,Miraidon,,"Electric, Dragon",Paradox Pokemon,11.06,240.0 ,670,100,85,100,135,115,135
1009,Walking Wake,,"Water, Dragon",Paradox Pokemon,11.06,280.0 ,590,99,83,91,125,83,109
1010,Iron Leaves,,"Grass, Psychic",Paradox Pokemon,4.11,125.0 ,590,90,130,88,70,108,104
1011,Dipplin,,"Grass, Dragon",Candy Apple Pokemon,1.04,4.4 ,485,80,80,110,95,80,40
1012,Poltchageist,,"Grass, Ghost",Matcha Pokemon,0.04,1.1 ,308,40,45,45,74,54,50
1013,Sinistcha,,"Grass, Ghost",Matcha Pokemon,0.08,2.2 ,508,71,60,106,121,80,70
1014,Okidogi,,"Poison, Fighting",Retainer Pokemon,5.11,92.0 ,555,88,128,115,58,86,80
1015,Munkidori,,"Poison, Psychic",Retainer Pokemon,3.03,12.2 ,555,88,75,66,130,90,106
1016,Fezandipiti,,"Poison, Fairy",Retainer Pokemon,4.07,30.1 ,555,88,91,82,70,125,99
1017,Ogerpon,Teal Mask,Grass,Mask Pokemon,3.11,39.8 ,550,80,120,84,60,96,110
1017,Ogerpon,Wellspring Mask,"Grass, Water",Mask Pokemon,3.11,39.8 ,550,80,120,84,60,96,110
1017,Ogerpon,Hearthflame Mask,"Grass, Fire",Mask Pokemon,3.11,39.8 ,550,80,120,84,60,96,110
1017,Ogerpon,Cornerstone Mask,"Grass, Rock",Mask Pokemon,3.11,39.8 ,550,80,120,84,60,96,110
1018,Archaludon,,"Steel, Dragon",Alloy Pokemon,6.07,60.0 ,600,90,105,130,125,65,85
1019,Hydrapple,,"Grass, Dragon",—,5.11,93.0 ,540,106,80,110,120,80,44
1020,Gouging Fire,,"Fire, Dragon",Paradox Pokemon,11.06,590.0 ,590,105,115,121,65,93,91
1021,Raging Bolt,,"Electric, Dragon",Paradox Pokemon,17.01,480.0 ,590,125,73,91,137,89,75
1022,Iron Boulder,,"Rock, Psychic",Paradox Pokemon,4.11,162.5 ,590,90,120,80,68,108,124
1023,Iron Crown,,"Steel, Psychic",Paradox Pokemon,5.03,156.0 ,590,90,72,100,122,108,98
1024,Terapagos,Normal Form,Normal,Tera Pokemon,0.08,6.5 ,450,90,65,85,65,85,60
1024,Terapagos,Terastal Form,Normal,Tera Pokemon,0.08,6.5 ,600,95,95,110,105,110,85
1024,Terapagos,Stellar Form,Normal,Tera Pokemon,0.08,6.5 ,700,160,105,110,130,110,85
1025,Pecharunt,,"Poison, Ghost",Subjugation Pokemon,1.00,0.3 ,600,88,88,160,88,88,88
